Instance,User,Simulation,B,U,num_rows,density,avg_degree,max_degree,degree_std,D_mean,D_std,D_cv,avg_row_len,max_row_len,row_density,conflict_max,conflict_avg,conflict_std,conflict_pressure,color_clique_max,color_clique_avg,color_clique_std,color_pressure,Backtracking percentiles idx
4,500,0,297,1852,1188,0.0462735462735463,13.6969696969697,37,9.49086522946119,12519.4444444444,13643.5061307511,1.08978526893064,11.6228956228956,59,0.00627586156743824,11,4.17112299465241,1.92718251048586,0.183333333333333,20,7.90532544378698,4.02763031560434,5.0,5
4,500,1,351,2116,1404,0.0567032967032967,19.8461538461538,63,15.2019353532191,13629.0598290598,14807.3859380499,1.08645688871933,16.1424501424501,76,0.00762875715616736,12,5.21674876847291,2.58115857267174,0.2,27,11.4034653465347,6.40838620355762,6.75,6
4,500,2,305,1712,1220,0.0532786885245902,16.1967213114754,47,12.6620896316669,12404.0983606557,12112.0517988164,0.976455639632327,12.0622950819672,50,0.00704573310862571,14,4.36315789473684,2.14469002209147,0.233333333333333,24,9.40594059405941,5.56126078106564,6.0,6
4,500,3,311,1876,1244,0.0504511980085053,15.6398713826367,47,11.5421310724696,12048.9549839228,11323.1628174684,0.939763060993846,13.4726688102894,73,0.00718159318245703,10,4.55958549222798,2.13721620161181,0.166666666666667,19,9.62209302325581,4.71910765024517,4.75,5
4,500,4,291,1680,1164,0.0512856973575068,14.872852233677,48,11.8496154667619,12478.8659793814,13929.9588794835,1.11628403594523,11.5429553264605,60,0.00687080674194076,12,4.17877094972067,2.1846075668822,0.2,22,8.85084745762712,5.12601781150334,5.5,1
4,500,5,277,1624,1108,0.0530528959347041,14.6425992779783,46,11.683803057805,12474.6389891697,13201.9247330332,1.05830114558786,11.9638989169675,58,0.00736693283064502,11,4.06703910614525,2.1182837085667,0.183333333333333,21,9.20284697508897,5.15642767263648,5.25,4
4,500,6,325,1960,1300,0.052326685660019,16.9538461538462,49,12.7858464648409,12690.6153846154,13037.0432439406,1.02729795591671,13.8523076923077,65,0.00706750392464678,14,4.7258883248731,2.32967827405955,0.233333333333333,22,9.78356164383562,5.40012718517472,5.5,1
4,500,7,307,2016,1228,0.0572055097826318,17.5048859934853,57,14.7895929902625,12772.8827361564,13378.1907970598,1.0473900898808,15.8990228013029,93,0.00788642004032884,15,4.70165745856354,2.812648525495,0.25,26,10.6332453825858,7.08747103472173,6.5,6
4,500,8,296,1844,1184,0.0488089784699954,14.3986486486486,43,10.8983260956609,13196.7905405405,13909.2612607928,1.05398818129783,12.0540540540541,52,0.00653690566922671,10,4.24590163934426,1.91903668090918,0.166666666666667,20,8.30654761904762,4.35938560384036,5.0,1
4,500,9,289,1856,1156,0.0516147635524798,14.8650519031142,41,11.0537749778201,12462.0242214533,12918.9500094022,1.03666545497178,13.3494809688581,85,0.00719260828063477,11,4.25842696629214,2.04460424393793,0.183333333333333,21,9.14454277286136,4.76402367186663,5.25,6
4,500,10,344,2216,1376,0.0535460031188555,18.3662790697674,54,12.5972783186845,12531.25,13075.763997033,1.04345248854129,15.6017441860465,74,0.00704049827890186,12,5.02487562189055,2.24924047090855,0.2,20,10.1561771561772,4.73260183385417,5.0,5
4,500,11,315,1796,1260,0.0508947528055808,15.9809523809524,51,12.4876937154571,12151.0317460317,12914.0453917409,1.06279414469955,12.831746031746,76,0.00714462473927953,12,4.51269035532995,2.24989370771118,0.2,23,9.73148148148148,5.76645227841926,5.75,6
4,500,12,301,1776,1204,0.0494352159468439,14.8305647840532,42,10.7156480114645,12912.292358804,13830.2980954693,1.0710954887913,11.8936877076412,53,0.00669689623177995,12,4.29834254143646,2.01635509287574,0.2,19,8.78369905956113,4.17789196859904,4.75,1
4,500,13,291,1484,1164,0.047493778883754,13.7731958762887,42,10.4934983843843,12647.6804123711,13410.2050960889,1.06028968623938,9.69072164948454,45,0.00653013588240198,13,4.10674157303371,1.84051151614997,0.216666666666667,20,8.49186991869919,4.97942259192093,5.0,6
4,500,14,260,1384,1040,0.046005346005346,11.9153846153846,36,9.10708482901309,12362.4038461538,12622.6542942862,1.02105176722675,8.57692307692308,40,0.00619719875500222,9,3.79166666666667,1.74865310979985,0.15,17,7.20814479638009,4.02392468386113,4.25,1
4,500,15,278,1592,1112,0.0455029478222476,12.6043165467626,38,9.63776945524534,12655.845323741,13590.5876729529,1.07385854720098,9.76618705035971,40,0.00613453960449731,9,3.88648648648649,1.66460159378562,0.15,17,7.31135531135531,3.94770522600276,4.25,6
4,500,16,265,1528,1060,0.0471126357918811,12.4377358490566,37,9.28200178505539,12574.3396226415,14071.2121495042,1.11904184011122,9.53207547169811,39,0.00623826928776054,8,3.90229885057471,1.76058225814639,0.133333333333333,16,7.18677042801556,3.81326530595502,4.0,6
4,500,17,303,1736,1212,0.0504010665967259,15.2211221122112,42,10.8195802244178,12558.3333333333,12708.2925660766,1.01194101388798,11.0924092409241,48,0.00638963665951849,10,4.37566137566138,2.06549895624365,0.166666666666667,20,8.20064724919094,4.41516944906041,5.0,5
4,500,18,254,1460,1016,0.0475553204070835,12.0314960629921,35,8.76323476739994,11865.4527559055,11225.2415618455,0.946044099013302,8.59842519685039,32,0.00588933232660986,10,3.64670658682635,1.65633548451454,0.166666666666667,17,6.5625,3.57366670941765,4.25,1
4,500,19,301,1736,1204,0.0552602436323367,16.578073089701,49,12.5125074013861,12933.3887043189,13610.9620228615,1.05238946528502,12.2225913621262,53,0.00704066322703125,11,4.54545454545455,2.09450980361816,0.183333333333333,21,9.15533980582524,4.98429367720079,5.25,3
4,1000,0,500,3752,2000,0.0637755511022044,31.824,86,21.9858368956017,24628.4,21989.3650645046,0.892845863495177,27.706,127,0.00738432835820896,16,6.30835734870317,3.88969145398091,0.266666666666667,37,16.953488372093,8.70382430881404,9.25,6
4,1000,1,500,3512,2000,0.0631983967935872,31.536,85,21.2625657906096,23629.4,19871.3047040195,0.840956803982304,24.304,100,0.00692027334851936,15,6.11884057971015,3.5525567589146,0.25,36,15.9888535031847,8.20836550664264,9.0,6
4,1000,2,500,3656,2000,0.0600320641282565,29.956,81,18.6860927965158,22813.6,17989.5738565429,0.78854603642314,24.458,122,0.0066898249452954,15,6.16239316239316,3.2299098934022,0.25,32,15.1596385542169,7.10093731226593,8.0,6
4,1000,3,500,3992,2000,0.0604408817635271,30.16,77,19.0923649661324,23273.6,19854.8126543659,0.853104489823915,27.614,120,0.00691733466933868,16,5.93465909090909,3.2304909030502,0.266666666666667,35,15.6657754010695,7.02178084369876,8.75,6
4,1000,4,500,3552,2000,0.0601683366733467,30.024,70,18.1844830556164,22613.8,19002.0892156619,0.84028731198038,22.324,79,0.00628490990990991,17,5.84776119402985,3.32751344610604,0.283333333333333,30,14.4247648902821,6.76820530134464,7.5,5
4,1000,5,453,3392,1812,0.0552267088632323,24.962472406181,65,15.3263513735605,21797.0750551876,17876.9799995991,0.820154995766022,20.2185430463576,89,0.00596065537923279,12,5.1910447761194,2.69757942039495,0.2,25,12.4080267558528,5.73267952191262,6.25,5
4,1000,6,500,3692,2000,0.0590701402805611,29.476,83,18.5074423948853,22880.5,19435.9437576363,0.849454503076255,23.204,108,0.00628494041170098,13,5.89565217391304,3.18340055089251,0.216666666666667,33,14.2169390787519,6.46424925391911,8.25,6
4,1000,7,500,3724,2000,0.0608897795591182,30.384,76,18.9037706291629,22840.35,18382.7182600265,0.804835226256448,25.91,126,0.00695757250268528,18,6.12103746397695,3.49842139225531,0.3,36,15.9045521292217,7.68533090654034,9.0,6
4,1000,8,500,3768,2000,0.0637675350701403,31.82,77,20.4371132990939,23704.55,18931.4614609521,0.798642516350325,28.384,134,0.00753290870488323,18,6.43943661971831,3.8709637360718,0.3,34,17.2052023121387,8.46284477714649,8.5,3
4,1000,9,500,3828,2000,0.0576753507014028,28.78,73,18.048368347305,22716.15,19472.6132793601,0.857214505070624,24.538,103,0.00641013584117032,14,5.9135446685879,3.13822135239856,0.233333333333333,33,14.4512022630835,7.07677301998204,8.25,6
4,1000,10,500,3960,2000,0.0588937875751503,29.388,79,19.0436723349253,23531.3,20042.0220489338,0.851717586743348,26.772,133,0.00676060606060606,16,5.98333333333333,3.30063125275555,0.266666666666667,33,15.1783783783784,7.19162933593483,8.25,6
4,1000,11,500,4000,2000,0.0609859719438878,30.432,89,21.8907600598974,22595.25,19033.5286057919,0.842368577722837,28.054,183,0.0070135,14,5.8271954674221,3.05402670313073,0.233333333333333,39,15.96,8.62065736085905,9.75,4
4,1000,12,465,3488,1860,0.0597886540600667,27.741935483871,72,18.1275666189017,23841.5591397849,20257.0985165946,0.849654940678403,23.4838709677419,105,0.00673276117194436,13,5.74336283185841,3.11181617400537,0.216666666666667,31,14.4260450160772,7.24869409136072,7.75,6
4,1000,13,500,3764,2000,0.0625250501002004,31.2,84,21.3569660766692,23378.95,19330.4499597791,0.826831400032043,26.776,139,0.00711370882040383,16,6.43661971830986,3.52828568022791,0.266666666666667,31,16.068017366136,8.36364221615285,7.75,5
4,1000,14,500,3628,2000,0.0606653306613226,30.272,77,19.0926691690816,23776.15,20079.4350002063,0.844520033739958,24.21,112,0.00667309812568908,13,5.98563218390805,3.22299931745936,0.216666666666667,30,15.2541856925419,6.86425801055973,7.5,6
4,1000,15,500,3728,2000,0.0608496993987976,30.364,82,19.7743142485397,22853.4,19342.8990443534,0.846390429623313,25.222,101,0.00676555793991416,16,5.95652173913043,3.28119270736432,0.266666666666667,34,15.4780058651026,7.07419519561446,8.5,6
4,1000,16,500,3728,2000,0.0576192384769539,28.752,76,18.4169078837898,22142.85,18874.0481250717,0.852376641898929,23.816,114,0.00638841201716738,14,5.75498575498576,3.18871263171524,0.233333333333333,28,14.4985337243402,6.57335090585926,7.0,4
4,1000,17,500,4032,2000,0.0584849699398798,29.184,74,18.2527297684483,22596.85,18914.455750232,0.837039487814984,25.428,112,0.00630654761904762,13,5.78488372093023,3.01164474270234,0.216666666666667,31,14.1477572559367,6.35280371354802,7.75,6
4,1000,18,500,3564,2000,0.05774749498998,28.816,72,18.1463534628861,22653.1,19205.7517527949,0.847820022548566,23.034,103,0.00646296296296296,14,5.91351351351351,3.11805224737895,0.233333333333333,35,14.5538221528861,6.85581310849901,8.75,6
4,1000,19,500,3804,2000,0.0615791583166333,30.728,89,21.2058957839559,23457.6,19383.7167421527,0.826329920458728,26.638,141,0.00700262881177708,15,6.10714285714286,3.53973575276066,0.25,40,15.8288159771755,8.15361239155726,10.0,1
4,2500,0,500,5564,2000,0.0513346693386774,25.616,66,17.1790728504189,41034.8,33557.0762501747,0.817771166185157,23.636,101,0.00424802300503235,10,4.44820717131474,2.34314860632931,0.166666666666667,27,12.5130548302872,5.87637761768334,6.75,6
4,2500,1,500,5456,2000,0.0522645290581162,26.08,68,16.9966349610739,42460.45,33788.2699993268,0.795758641260909,23.49,99,0.00430535190615836,9,4.58620689655172,2.32875412063061,0.15,26,12.8335588633288,5.69292319281422,6.5,6
4,2500,2,500,5128,2000,0.0528336673346693,26.364,66,17.4389077639627,41943.0,32142.1115672259,0.766328387745892,20.96,83,0.00408736349453978,10,4.57651991614256,2.42214496095247,0.166666666666667,27,12.6286149162861,5.98798671003318,6.75,6
4,2500,3,500,5344,2000,0.0492985971943888,24.6,67,16.1319558640606,41299.25,34674.9915744402,0.839603420750745,21.614,90,0.00404453592814371,9,4.33397683397683,2.18065468177843,0.15,27,12.042194092827,5.68793899741175,6.75,5
4,2500,4,500,5648,2000,0.0526492985971944,26.272,73,18.0993374464371,40959.7,31429.7828645073,0.767334303339802,24.93,110,0.00441395184135977,11,4.6900826446281,2.57190494274034,0.183333333333333,31,12.9542566709022,6.70169934641952,7.75,3
4,2500,5,500,5580,2000,0.0529859719438878,26.44,66,17.7749936708849,42112.65,33301.8203890938,0.790779501862119,25.254,93,0.0045258064516129,9,4.52362204724409,2.31764735086649,0.15,27,13.4142857142857,5.70564118858808,6.75,4
4,2500,6,500,5460,2000,0.0504529058116232,25.176,69,16.9701215081095,39718.25,31429.5879815104,0.79131351410272,23.716,126,0.00434358974358974,9,4.40755467196819,2.2513310806465,0.15,25,13.0283783783784,6.06946322641712,6.25,5
4,2500,7,500,5276,2000,0.0516072144288577,25.752,70,17.7776965887035,42121.0,35285.4504222349,0.837716351041878,21.672,81,0.0041076573161486,9,4.41176470588235,2.30415964128952,0.15,27,12.4798270893372,6.15192123164942,6.75,6
4,2500,8,500,5720,2000,0.0526653306613226,26.28,63,17.4819220911203,43361.2,35822.271383316,0.826136531814526,25.254,110,0.00441503496503497,10,4.59509202453988,2.41155543864499,0.166666666666667,25,12.8944099378882,6.09266179575207,6.25,5
4,2500,9,500,5408,2000,0.0508857715430862,25.392,71,17.9409680898217,42292.6,35572.8014814687,0.841111718869702,22.924,90,0.00423890532544379,10,4.46868686868687,2.34381397134068,0.166666666666667,30,12.7235213204952,6.3003054210174,7.5,6
4,2500,10,500,5372,2000,0.0512464929859719,25.572,65,16.7252149761968,42845.95,35241.388555895,0.822513879512415,22.496,94,0.00418763961280715,10,4.4748490945674,2.31864788084266,0.166666666666667,27,12.5682451253482,5.97139840157025,6.75,5
4,2500,11,500,5176,2000,0.0503006012024048,25.1,65,16.7887462307344,42310.05,35182.82368923,0.831547674588661,20.524,76,0.00396522411128284,10,4.41719077568134,2.34005278463617,0.166666666666667,26,12.1898355754858,5.85153779717765,6.5,5
4,2500,12,500,5324,2000,0.0511022044088176,25.5,59,16.7075432065879,42303.15,34854.0648824149,0.823911809934127,21.38,72,0.00401577761081893,10,4.48795180722892,2.37051318340513,0.166666666666667,28,11.9759206798867,5.64213592593616,7.0,5
4,2500,13,500,5320,2000,0.0476713426853707,23.788,56,15.0021017194258,40390.15,33107.3021284952,0.819687526005602,20.486,72,0.00385075187969925,9,4.30831643002028,2.11108150408992,0.15,23,11.5163120567376,4.89927804948512,5.75,3
4,2500,14,500,5372,2000,0.0494428857715431,24.672,63,15.3444588044023,40589.8,31852.0879764583,0.78473133586414,21.518,84,0.00400558451228593,9,4.38011695906433,2.12149364103964,0.15,24,11.8551532033426,5.05498126222906,6.0,5
4,2500,15,500,5612,2000,0.0524008016032064,26.148,71,17.0760093698733,42122.6,33161.5552898233,0.787262782682535,24.624,101,0.00438774055595153,11,4.65432098765432,2.49027983864158,0.183333333333333,26,12.9177377892031,6.09445101594427,6.5,1
4,2500,16,500,5480,2000,0.0501322645290581,25.016,60,15.3042394126595,43041.65,34651.6685605099,0.805072959807765,22.596,102,0.00412335766423358,8,4.5112016293279,2.19176778201116,0.133333333333333,24,12.1919463087248,5.27849272743909,6.0,6
4,2500,17,500,5408,2000,0.049811623246493,24.856,67,17.3585501698731,40911.7,33682.7917579571,0.823304623321864,22.74,101,0.00420488165680473,9,4.384765625,2.27726585817694,0.15,27,12.5515818431912,6.15858909520491,6.75,4
4,2500,18,500,5308,2000,0.0524328657314629,26.164,64,17.4122113472126,42862.1,34899.2414471996,0.814221455486306,22.556,86,0.00424943481537302,9,4.58212058212058,2.43630127494525,0.15,26,12.9259259259259,5.74210074874676,6.5,6
4,2500,19,500,5416,2000,0.0516152304609218,25.756,62,16.6885728568982,42743.9,35257.6075165341,0.824857056013468,23.372,104,0.00431536189069424,9,4.60582524271845,2.24386218891846,0.15,24,12.7764060356653,5.69076866414109,6.0,6
4,5000,0,500,8244,2000,0.0419158316633267,20.916,59,15.6074643680516,62356.2,52122.0465260144,0.8358759277508,21.864,118,0.00265211062590975,7,3.55940594059406,1.84433902679884,0.116666666666667,23,10.8199753390875,5.71472629879757,5.75,6
4,5000,1,500,8320,2000,0.0442965931863727,22.104,76,16.5286776240569,65173.75,53469.7960037955,0.820419202574586,23.19,122,0.00278725961538462,7,3.69543147208122,1.9954167726076,0.116666666666667,23,11.3385542168675,5.98993797512593,5.75,5
4,5000,2,500,8468,2000,0.0443527054108216,22.132,76,16.2850414798366,65038.45,53385.6959104905,0.820832844424959,24.192,118,0.00285687293339632,6,3.76416539050536,1.86352161725461,0.1,23,11.116493656286,5.57193020056734,5.75,1
4,5000,3,500,8356,2000,0.0459478957915832,22.928,63,17.5357582100119,65985.8,53911.1516141144,0.817011411760021,24.926,135,0.00298300622307324,7,3.85209003215434,2.05721703619633,0.116666666666667,25,11.9988081048868,6.47954504135238,6.25,5
4,5000,4,500,8612,2000,0.0447775551102204,22.344,60,16.4871363189609,64309.35,51723.5372081941,0.804292644976106,25.424,122,0.00295215977705527,6,3.69242658423493,1.82283001361084,0.1,23,11.4318936877076,5.73574225016674,5.75,6
4,5000,5,500,8124,2000,0.043190380761523,21.552,56,15.6319959058337,64817.3,52854.9344499645,0.81544486502777,21.51,99,0.00264771048744461,7,3.67524115755627,1.87743356064614,0.116666666666667,22,10.8437900128041,5.71192144407696,5.5,6
4,5000,6,500,7860,2000,0.0394789579158317,19.7,53,13.3935058890494,61711.9,51803.887652279,0.839447297073644,17.216,73,0.00219033078880407,7,3.33678756476684,1.69899209421893,0.116666666666667,21,9.33706293706294,4.92627717026525,5.25,6
4,5000,7,500,8040,2000,0.0423406813627255,21.128,63,15.8346334343426,62718.1,51771.3832864252,0.825461601777241,20.944,126,0.00260497512437811,7,3.64473684210526,1.9053522078637,0.116666666666667,24,10.8631578947368,5.96301853323474,6.0,6
4,5000,8,500,7780,2000,0.0395991983967936,19.76,50,13.4948286391491,62012.8,51882.9326335729,0.836648766602586,17.328,70,0.00222724935732648,6,3.38888888888889,1.7051944144353,0.1,20,9.56978417266187,5.05770520768135,5.0,5
4,5000,9,500,8592,2000,0.0439759519038076,21.944,63,16.3483596730681,65924.5,53131.2314674712,0.805940605806205,25.508,153,0.00296880819366853,8,3.84339314845024,2.00853226595413,0.133333333333333,23,11.5790645879733,6.15997628331257,5.75,6
4,5000,10,500,8036,2000,0.0409458917835671,20.432,53,14.1540586405455,62734.45,50864.2223664897,0.810786136907069,19.216,90,0.00239123942259831,6,3.45379537953795,1.71587725959977,0.1,21,9.90118577075099,5.20433448273424,5.25,6
4,5000,11,500,8092,2000,0.0405130260521042,20.216,51,14.1564594443667,61879.0,50632.3729347144,0.818248079877089,19.982,101,0.0024693524468611,6,3.46982055464927,1.70628417252935,0.1,20,10.1733505821475,5.14407822440268,5.0,3
4,5000,12,500,8332,2000,0.0448817635270541,22.396,62,17.0347639842764,65622.2,54036.1904852651,0.823443750518348,24.432,119,0.00293230916946711,7,3.82268370607029,2.0533296778094,0.116666666666667,24,11.7923169267707,6.15769858752077,6.0,5
4,5000,13,500,8056,2000,0.041434869739479,20.676,58,15.1168457027252,61325.2,50528.6554091838,0.823946035384863,19.69,94,0.00244414101290963,7,3.43803056027165,1.7775185940538,0.116666666666667,22,10.2356020942408,5.52049864285419,5.5,3
4,5000,14,500,8156,2000,0.0409458917835671,20.432,59,14.2623061248874,64161.5,52743.1775232589,0.822037787820716,20.164,105,0.00247229033840118,7,3.64745762711864,1.88691802631567,0.116666666666667,22,10.0506970849176,5.06209504369845,5.5,5
4,5000,15,500,8368,2000,0.0420120240480962,20.964,60,15.107306311848,64008.6,51579.8805838087,0.80582735107171,22.924,132,0.00273948374760994,6,3.67460317460317,1.83886336994439,0.1,22,10.8634204275534,5.46151438426733,5.5,6
4,5000,16,500,8272,2000,0.0418997995991984,20.908,53,14.6864405490234,64950.45,52486.5633143145,0.808101611525625,21.294,91,0.00257422630560928,7,3.68019480519481,1.87429570175983,0.116666666666667,22,10.2444987775061,5.30247672956727,5.5,6
4,5000,17,500,7856,2000,0.0399038076152305,19.912,54,14.0584585214738,61842.95,51044.7445536518,0.825393105497907,18.17,75,0.00231288187372709,6,3.43833333333333,1.70573460876995,0.1,21,9.83473389355742,5.0123794367808,5.25,4
4,5000,18,500,8140,2000,0.0427815631262525,21.348,57,15.5908593733636,64478.4,52285.4620180408,0.810898874941698,21.686,99,0.00266412776412776,6,3.70304975922953,1.7997967628519,0.1,23,10.8738853503185,5.83603069995389,5.75,6
4,5000,19,500,8052,2000,0.0420521042084168,20.984,53,14.8161987027712,63951.95,51585.5297050221,0.806629503948231,19.464,77,0.00241728763040238,6,3.50687285223368,1.82266774601292,0.1,25,10.0799475753604,5.3574855702579,6.25,5
8,500,0,237,1220,948,0.0305728384466853,7.21518987341772,19,5.01391536893248,31510.6540084388,16826.0807056013,0.533980687963351,5.62869198312236,18,0.00461368195337899,7,2.75,1.2205841148382,0.116666666666667,10,4.78333333333333,2.00630949202205,2.5,1
8,500,1,261,1372,1044,0.0320954907161804,8.3448275862069,23,5.39368351918607,32767.9837164751,16318.0351752977,0.497987160775271,6.16091954022988,20,0.00449046613719379,7,3.12,1.45500122729452,0.116666666666667,11,4.87155963302752,2.35633410440487,2.75,6
8,500,2,256,1364,1024,0.0368566176470588,9.3984375,27,6.70102585867222,33631.6650390625,16484.9211803731,0.490160720892832,6.86328125,22,0.00503173112170088,8,3.31609195402299,1.61461525705849,0.133333333333333,15,5.46296296296296,2.83635762099631,3.75,4
8,500,3,227,1200,908,0.0289657323301236,6.54625550660793,18,4.40377507116879,31676.1013215859,16776.206060483,0.529617135965238,5.25991189427313,20,0.00438325991189427,7,2.64848484848485,1.14841688453258,0.116666666666667,10,4.32571428571429,1.86460916734279,2.5,6
8,500,4,254,1320,1016,0.030531262643553,7.7244094488189,20,4.78297039020853,32506.6190944882,16238.6655092861,0.499549505966295,5.80708661417323,18,0.00439930804104032,7,3.05847953216374,1.46182455223289,0.116666666666667,10,4.64390243902439,2.15610859725682,2.5,4
8,500,5,252,1296,1008,0.0308923038006703,7.75396825396825,19,4.66187936068656,32140.4761904762,16545.3852351133,0.514783450533194,5.78571428571429,15,0.00446428571428571,7,3.0,1.42227182453184,0.116666666666667,11,4.68844221105528,2.10608524536183,2.75,4
8,500,6,269,1404,1076,0.034927592520668,9.36059479553903,24,6.13358791911063,33184.874535316,16319.7990493158,0.491784262494286,6.86617100371747,19,0.00489043518783296,8,3.4,1.61479644771952,0.133333333333333,13,5.38938053097345,2.66386381271984,3.25,5
8,500,7,227,1264,908,0.0320845191220615,7.2511013215859,20,4.78281027404258,32472.4394273128,16938.0368598506,0.521612701680919,5.62555066079295,17,0.00445059387720961,8,2.65644171779141,1.30774178094209,0.133333333333333,11,4.41884816753927,2.03695202260435,2.75,1
8,500,8,265,1292,1060,0.0343339050886221,9.06415094339623,26,6.5743668707185,33376.8160377359,16437.9299688475,0.492495448045815,6.39622641509434,17,0.0049506396401659,8,3.36871508379888,1.73955751849818,0.133333333333333,14,5.51515151515152,3.12488750945376,3.5,5
8,500,9,269,1340,1076,0.0343450036065028,9.20446096654275,24,5.91003011296971,32712.9646840149,16979.6783029593,0.51905042746726,6.41263940520446,19,0.0047855517949287,10,3.30555555555556,1.56026074110929,0.166666666666667,12,5.38095238095238,2.55559499131556,3.0,5
8,500,10,261,1304,1044,0.0352490421455939,9.16475095785441,23,5.95703509168545,32401.1733716475,16541.8386986587,0.510532088110536,6.35632183908046,17,0.00487447993794514,9,3.30285714285714,1.69865252720009,0.15,14,5.37810945273632,2.52870454473971,3.5,6
8,500,11,278,1472,1112,0.0331662467859647,9.18705035971223,25,6.09406875850897,31950.9217625899,16696.9553571374,0.522581335249213,6.97841726618705,24,0.00474077259931186,7,3.28645833333333,1.54994084508535,0.116666666666667,11,5.38683127572016,2.48587603695771,2.75,6
8,500,12,239,1244,956,0.0328750747160789,7.82426778242678,20,5.3655569952909,31836.0094142259,16882.3223179124,0.530290153462781,5.94142259414226,18,0.00477606317857095,7,2.89820359281437,1.53066355044397,0.116666666666667,10,5.03225806451613,2.2502167776252,2.5,4
8,500,13,241,1324,964,0.0287690179806362,6.9045643153527,17,4.28584710309313,32429.0715767635,16795.1205248521,0.517903217953558,5.68464730290456,19,0.00429354025899136,6,2.85454545454545,1.32689907567411,0.1,10,4.36407766990291,1.84824001136174,2.5,6
8,500,14,221,1140,884,0.0299465240641711,6.58823529411765,15,3.84985714712039,32017.6187782805,16230.6066662076,0.506927350800297,5.00904977375566,12,0.00439390331031198,6,2.67283950617284,1.18545843043572,0.1,9,4.2125,1.67849448911815,2.25,1
8,500,15,238,1248,952,0.0312023543594653,7.39495798319328,21,4.50344123770122,32413.6817226891,16694.8637606502,0.515056077352796,5.65966386554622,16,0.00453498707175178,6,2.93103448275862,1.17241379310345,0.1,10,4.47593582887701,1.98475703496944,2.5,5
8,500,16,263,1412,1052,0.032624154645459,8.54752851711027,24,5.60864212758725,31829.2538022814,16006.0147969332,0.5028711919029,6.56653992395437,22,0.00465052402546344,7,3.08791208791209,1.49098648403269,0.116666666666667,12,5.10964912280702,2.32290159212778,3.0,1
8,500,17,267,1400,1068,0.0315958435414379,8.40449438202247,24,5.57962941822528,31977.1301498127,16081.8297505337,0.502916605561235,6.57677902621723,26,0.00469769930444088,8,3.23463687150838,1.54295162868863,0.133333333333333,11,5.23111111111111,2.28811637449013,2.75,6
8,500,18,254,1364,1016,0.0303445270922162,7.67716535433071,20,4.9044121061057,31328.5433070866,16364.672599324,0.522356639404369,6.06692913385827,16,0.00444789525942688,6,2.94594594594595,1.1933587835464,0.1,11,4.61111111111111,2.089804763756,2.75,6
8,500,19,280,1452,1120,0.0344086021505376,9.6,25,6.35980682545805,32083.3705357143,16358.1897287224,0.50986506266581,7.01785714285714,20,0.00483323494687131,8,3.37628865979381,1.59174890496879,0.133333333333333,13,5.50420168067227,2.71897765506388,3.25,6
8,1000,0,362,2676,1448,0.0433112440887039,15.6353591160221,37,8.85984600768408,34269.8926795581,17769.6883468066,0.518521855698899,11.7790055248619,52,0.00440172104815466,10,3.99588477366255,2.0316385213352,0.166666666666667,20,7.85918854415274,3.37924739333451,5.0,6
8,1000,1,374,2728,1496,0.0459061518831271,17.1229946524064,40,9.88413386503863,34695.6552139038,17533.4307999777,0.505349464994437,12.2593582887701,51,0.00449389966597143,12,4.16733067729084,2.44050490461652,0.2,25,8.19212962962963,3.92140766272397,6.25,1
8,1000,2,312,2252,1248,0.0395127380657927,12.2884615384615,32,6.62600705010249,32440.5226282051,16876.2870665322,0.520222416264628,8.76282051282051,33,0.00389112811404108,8,3.18803418803419,1.41681974395664,0.133333333333333,14,6.35143769968051,2.61315292712837,3.5,6
8,1000,3,385,2760,1540,0.0450081168831169,17.2831168831169,43,9.96697667556584,34182.5430649351,17080.6582182032,0.499689510688419,12.6285714285714,53,0.00457556935817805,12,4.31558935361217,2.31937293516117,0.2,21,8.47045454545455,4.19350577708906,5.25,6
8,1000,4,313,2248,1252,0.0411239452772999,12.8306709265176,36,7.53183351935477,32672.4476677317,17312.2213362807,0.529872188099908,8.98083067092652,30,0.00399503143724489,8,3.32894736842105,1.68628230577616,0.133333333333333,15,6.57692307692308,3.05408188717493,3.75,6
8,1000,5,309,2344,1236,0.0398856806623797,12.2847896440129,29,6.33195484350736,32862.2688673139,16414.1967870168,0.499484586815702,9.08090614886731,30,0.00387410671880005,7,3.17621145374449,1.45558553828075,0.116666666666667,13,6.20535714285714,2.64846673811947,3.25,6
8,1000,6,358,2568,1432,0.0436442733517988,15.5810055865922,37,8.47328216930365,33998.3282402235,17308.5043591514,0.509098689701856,11.0279329608939,33,0.00429436641779356,9,3.89516129032258,1.86140143348126,0.15,17,7.60714285714286,3.30718913883074,4.25,1
8,1000,7,373,2644,1492,0.0436017181239009,16.2198391420912,37,8.72885774972164,33856.2562466487,16191.5018494741,0.47824253607712,11.4396782841823,38,0.00432665593199028,11,4.09469696969697,1.97774796912669,0.183333333333333,17,7.75182481751825,3.33771711665618,4.25,5
8,1000,8,315,2316,1260,0.0403801435648569,12.6793650793651,31,6.82586487874669,32995.8975555555,17316.937770204,0.524820933906929,9.14603174603175,31,0.00394906379362338,7,3.30472103004292,1.4492336392245,0.116666666666667,13,6.41641337386018,2.66803171179435,3.25,5
8,1000,9,370,2484,1480,0.04248150589614,15.6756756756757,38,8.5248573073706,33046.0422162162,17038.1372496805,0.515587831613907,10.2783783783784,26,0.00413783348565957,12,4.00383141762452,2.08717683949383,0.2,20,7.43396226415094,3.52317398384026,5.0,5
8,1000,10,353,2444,1412,0.0428309296935359,15.0764872521246,39,8.37555711972055,33446.9301416431,17213.0384374336,0.514637318418725,10.3484419263456,43,0.0042342233741185,11,3.85477178423237,2.1266116782514,0.183333333333333,17,7.54570637119114,3.71099132766485,4.25,6
8,1000,11,305,2196,1220,0.041220880069025,12.5311475409836,30,6.79632352358597,32477.2210819673,16786.6151586174,0.516873507011288,8.76393442622951,27,0.00399086267132491,8,3.22026431718062,1.45563886717627,0.133333333333333,14,6.49498327759197,2.65945808528968,3.5,6
8,1000,12,311,2268,1244,0.0394979773882377,12.2443729903537,26,6.45125867046311,32145.7430546623,18044.7631332926,0.561342231305973,8.53054662379421,25,0.00376126394347187,8,3.13852813852814,1.5054980041668,0.133333333333333,13,6.0820189274448,2.58353651186878,3.25,6
8,1000,13,351,2416,1404,0.0425396825396825,14.8888888888889,35,8.06255222234756,34137.2466666666,17104.3480779288,0.501046503396841,10.022792022792,32,0.00414850663195034,9,3.79746835443038,1.8581312705562,0.15,19,7.3954802259887,3.31007397819662,4.75,6
8,1000,14,337,2300,1348,0.0430620319344355,14.4688427299703,34,8.25446967288677,33181.2751928783,17809.427504612,0.536731255838969,9.5459940652819,33,0.00415043220229648,9,3.65271966527197,2.00853381464997,0.15,17,7.21230769230769,3.27900114679914,4.25,4
8,1000,15,375,2716,1500,0.0443778966131907,16.5973333333333,39,8.67704978024726,34159.96704,16455.2749880414,0.481712261864098,12.0586666666667,47,0.00443986254295533,9,4.15079365079365,2.04538761148823,0.15,16,8.1025641025641,3.38290201741207,4.0,6
8,1000,16,324,2200,1296,0.0399419026870007,12.9012345679012,31,7.21769933296111,33185.5682098765,17977.1754092444,0.541716667183482,8.41666666666667,28,0.00382575757575758,9,3.43478260869565,1.82318610170127,0.15,18,6.45666666666667,3.05746990536656,4.5,3
8,1000,17,342,2528,1368,0.0445199019053009,15.1812865497076,37,8.78874217326147,34055.357251462,17371.586377454,0.51009849196952,11.1315789473684,40,0.00440331445702865,9,3.73046875,1.86916001328764,0.15,16,7.46596858638743,3.47807553140448,4.0,4
8,1000,18,332,2440,1328,0.0422596731336221,13.9879518072289,34,7.75450739644582,33238.0446686746,17349.6988866311,0.521983138887302,9.91265060240964,29,0.00406256172229903,8,3.51914893617021,1.83658312459924,0.133333333333333,15,6.84444444444444,3.04196979717313,3.75,6
8,1000,19,343,2324,1372,0.0420950335021227,14.3965014577259,33,7.42033998453908,33656.3620408163,16949.4731458371,0.503603839454835,9.32944606413994,29,0.004014391593864,9,3.6480686695279,1.74702890756512,0.15,15,7.09969788519637,3.11884921926875,3.75,4
8,2500,0,424,4452,1696,0.0435902582630804,18.438679245283,38,7.83894571697752,43746.1866037736,21352.6395018178,0.488102876148201,12.6839622641509,38,0.00284904812761701,10,3.97701149425287,2.04813911330605,0.166666666666667,16,8.1844262295082,3.43183076151862,4.0,3
8,2500,1,474,4764,1896,0.045860429434171,21.6919831223629,49,9.86245379210483,44305.9724261603,21468.7166641903,0.484555816937992,14.4451476793249,45,0.00303214686803629,10,4.41011235955056,2.37503612953336,0.166666666666667,24,9.32332155477032,3.94122726564963,6.0,5
8,2500,2,500,4980,2000,0.0455871743486974,22.748,45,10.1760746852605,44928.4338999999,20281.9726558206,0.451428436187281,15.614,57,0.00313534136546185,10,4.6484375,2.24045374316463,0.166666666666667,22,9.71290322580645,3.86065696694762,5.5,0
8,2500,3,475,4716,1900,0.0452675993781923,21.4568421052632,51,10.7775463727685,43525.4681473685,20613.5354694917,0.473597099511909,14.2736842105263,44,0.00302665059595554,11,4.16621983914209,2.05533006812438,0.183333333333333,22,9.43321299638989,4.12354971351518,5.5,6
8,2500,4,456,4556,1824,0.0442645074224022,20.140350877193,42,8.49651857804482,43550.5979605262,20550.5006038595,0.471876428022556,12.9276315789474,32,0.00283749595674876,10,4.03314917127072,2.01623398319379,0.166666666666667,18,8.6284046692607,3.53141137882791,4.5,6
8,2500,5,500,4956,2000,0.046124248496994,23.016,47,10.1829143176205,44656.15504,19979.3106839146,0.447403290006014,16.444,55,0.003317998385795,12,4.8498727735369,2.34338574008121,0.2,21,10.2866449511401,4.24830882017716,5.25,5
8,2500,6,500,4792,2000,0.0444889779559118,22.2,44,9.5877004542278,44349.68026,20307.4094783143,0.457893030102181,14.616,48,0.00305008347245409,9,4.43718592964824,2.13250133182943,0.15,21,9.67190226876091,3.7192761466475,5.25,6
8,2500,7,500,5060,2000,0.0463166332665331,23.112,49,10.50425894578,44578.93746,20639.3761857449,0.462984928796572,16.416,75,0.00324426877470356,11,4.52551020408163,2.27101574076311,0.183333333333333,21,10.053125,4.09996069912567,5.25,5
8,2500,8,500,5020,2000,0.0481683366733467,24.036,54,11.8719292450722,44941.3016599999,20193.2156596362,0.449324227687183,16.956,68,0.00337768924302789,12,4.69270833333333,2.47263122299516,0.2,28,10.5968253968254,4.79377798632896,7.0,5
8,2500,9,500,4924,2000,0.0440160320641283,21.964,42,8.89756730797807,44397.50566,20616.2691388773,0.464356473013562,14.828,37,0.00301137286758733,13,4.51413881748072,2.19673293083585,0.216666666666667,20,9.33663366336634,3.566743791617,5.0,5
8,2500,10,461,4732,1844,0.0451381684428935,20.763557483731,40,8.95581195769166,44158.5698481562,20803.1078286637,0.471100126208736,14.2451193058568,35,0.00301038024215064,11,4.27272727272727,2.13588002263104,0.183333333333333,22,9.07347670250896,3.59609192872645,5.5,4
8,2500,11,500,4988,2000,0.0469739478957916,23.44,49,10.5799054816194,45581.7692800002,20633.4639931773,0.452669221030669,16.404,64,0.00328869286287089,13,4.85,2.70109626867159,0.216666666666667,21,10.2234726688103,4.35704280724582,5.25,6
8,2500,12,500,4656,2000,0.0448657314629258,22.388,47,9.91248989911213,44692.2765799999,20128.0738012031,0.450370295305355,14.196,44,0.00304896907216495,12,4.5249343832021,2.23019903267697,0.2,23,9.97031539888683,3.94007172607886,5.75,6
8,2500,13,487,4764,1948,0.0437464614968608,21.2607802874743,44,8.90583650346612,44571.393264887,20981.9766468632,0.470749848948352,14.1806981519507,45,0.00297663689167731,11,4.53551912568306,2.29815693044592,0.183333333333333,19,9.26855123674912,3.8659472419788,4.75,6
8,2500,14,500,4996,2000,0.0446092184368737,22.26,46,10.2834041056452,44312.3547400001,21680.5146331573,0.489265685842387,15.922,52,0.00318694955964772,12,4.58097686375321,2.31497818164014,0.2,21,9.90224358974359,4.11007144390428,5.25,6
8,2500,15,431,4416,1724,0.0422597528732531,18.1716937354988,33,7.55356658333929,43317.1042227378,20711.8854678579,0.478145661846571,12.0278422273782,41,0.00272369615656209,12,3.94207317073171,2.05109978697025,0.2,19,8.1231732776618,3.43740105998982,4.75,6
8,2500,16,500,4808,2000,0.0464609218436874,23.184,47,10.4108666305932,44433.5798600002,20501.4504271442,0.461395424175578,14.918,41,0.00310274542429285,16,4.5873417721519,2.51966278076282,0.266666666666667,28,9.78682842287695,4.4294547230863,7.0,6
8,2500,17,500,5184,2000,0.0464128256513026,23.16,55,10.8671247347217,44540.94988,20414.6719498915,0.458334903159715,17.3,66,0.00333719135802469,11,4.73067331670823,2.19550249771381,0.183333333333333,22,10.0640834575261,4.49378514561083,5.5,6
8,2500,18,500,4984,2000,0.0440400801603206,21.976,51,10.060985240025,43902.1320200001,20122.8655211678,0.458357364330293,15.48,51,0.00310593900481541,11,4.59842519685039,2.18414656276979,0.183333333333333,22,9.64251207729469,3.86916412789196,5.5,2
8,2500,19,487,4704,1948,0.044414023880143,21.5852156057495,43,9.16853533278822,44816.7556057496,20302.7042769077,0.453015931262616,14.2443531827515,40,0.00302813630585705,11,4.56613756613757,2.22351939968107,0.183333333333333,21,9.4573502722323,3.70724207405446,5.25,3
8,5000,0,500,7284,2000,0.0447855711422846,22.348,46,9.73256882842346,70496.5582599998,30594.0885237705,0.433979888932106,14.474,44,0.00198709500274574,10,4.23234624145786,1.93181060594632,0.166666666666667,20,9.42031523642732,3.89780223297515,5.0,6
8,5000,1,500,7280,2000,0.0450420841683367,22.476,47,10.2931736602469,70337.79364,31925.4909432406,0.45388814876168,14.714,46,0.00202115384615385,11,4.35981308411215,2.26440806620541,0.183333333333333,22,9.63333333333333,4.56845911806708,5.5,6
8,5000,2,500,7364,2000,0.0468056112224449,23.356,54,10.9179331377326,70712.9963199998,29933.9686924891,0.423316366867385,15.56,64,0.00211298207495926,10,4.34174311926605,2.14608683530152,0.166666666666667,25,9.96108291032149,4.65749126513779,6.25,5
8,5000,3,500,7276,2000,0.0458436873747495,22.876,48,10.511166633633,71259.61564,31473.0325102995,0.441667166285315,15.356,51,0.00211050027487631,10,4.43875278396437,2.20475579381854,0.166666666666667,24,9.99121265377856,4.56912463557805,6.0,6
8,5000,4,500,7368,2000,0.0456112224448898,22.76,46,9.9195967659981,70148.9208000002,30718.5972961244,0.437905486581973,15.542,51,0.00210939196525516,11,4.35535307517084,2.08616492656991,0.183333333333333,23,9.89695945945946,4.3687145055255,5.75,5
8,5000,5,500,7344,2000,0.0450981963927856,22.504,46,9.93307525391808,70443.0713600002,31821.2421052559,0.451729907440194,15.174,46,0.00206617647058824,10,4.44419642857143,2.14257694410628,0.166666666666667,24,9.54948805460751,4.2303681986647,6.0,5
8,5000,6,500,7464,2000,0.0469418837675351,23.424,47,10.6071779470319,71693.9834999999,31027.4327214549,0.432775962594614,16.006,49,0.00214442658092176,11,4.40227272727273,2.24610659469019,0.183333333333333,23,9.8474025974026,4.32893763476762,5.75,6
8,5000,7,500,7348,2000,0.0463086172344689,23.108,46,9.85313838327667,70487.8213199999,30441.8470142781,0.431873853443115,16.216,50,0.00220685900925422,10,4.3862660944206,1.9688955221805,0.166666666666667,20,10.3304940374787,4.27103156846482,5.0,6
8,5000,8,500,7308,2000,0.0431342685370741,21.524,41,8.76044656396009,68485.91764,31816.883593383,0.464575560783607,14.292,38,0.00195566502463054,10,4.01580135440181,1.83574330380637,0.166666666666667,19,9.30155979202773,3.48741947875145,4.75,6
8,5000,9,500,7640,2000,0.0464929859719439,23.2,54,10.855966101642,70548.8346,30756.7270863373,0.435963645051301,17.166,55,0.00224685863874346,10,4.36444444444444,2.02880978305076,0.166666666666667,22,10.0287878787879,4.20937860351524,5.5,6
8,5000,10,500,7376,2000,0.0448577154308617,22.384,47,9.88516787920164,70445.1675200001,30837.3569352543,0.437749784987015,14.658,38,0.00198725596529284,10,4.30963302752294,1.97414453734321,0.166666666666667,21,9.17508417508417,4.12469593732752,5.25,6
8,5000,11,500,7240,2000,0.0433507014028056,21.632,40,8.79866899025074,70022.7705400003,31628.2626056265,0.45168539264751,14.316,47,0.00197734806629834,9,4.19282511210762,1.96232282074645,0.15,21,9.44285714285714,3.89142175371754,5.25,4
8,5000,12,500,7364,2000,0.0459879759519038,22.948,49,10.549753362046,70064.2041199998,31427.2410155348,0.44854917586317,15.58,49,0.00211569799022271,10,4.31696428571429,2.12078945850264,0.166666666666667,22,9.90862944162436,4.42364550757975,5.5,6
8,5000,13,500,7280,2000,0.0444649298597194,22.188,49,9.42383446374139,70436.6336400004,30960.6877937195,0.439553769022504,14.596,47,0.00200494505494505,11,4.25925925925926,2.03611090057769,0.183333333333333,23,9.57543859649123,4.01209927557966,5.75,6
8,5000,14,500,7508,2000,0.0456513026052104,22.78,47,10.3018250810233,70926.3107000001,31443.4706353018,0.443325901558584,16.268,48,0.00216675546084177,9,4.29605263157895,2.0191152823813,0.15,22,9.84848484848485,4.09352506589143,5.5,6
8,5000,15,500,7316,2000,0.0429258517034068,21.42,45,8.78496442793026,69149.6939999997,30744.5633718723,0.444608813046554,14.512,57,0.00198359759431383,10,4.2183908045977,2.03320305229691,0.166666666666667,22,9.36269430051813,3.6909622610632,5.5,6
8,5000,16,500,7464,2000,0.046124248496994,23.016,47,10.3311056523491,70574.6953399997,29784.4064039007,0.422026708870818,16.034,43,0.00214817792068596,10,4.37299771167048,2.09073436618,0.166666666666667,22,9.91233766233766,4.4315256075825,5.5,6
8,5000,17,500,7432,2000,0.0453707414829659,22.64,48,10.0388445550272,71569.7519999996,31739.5828421459,0.44347761386886,15.748,55,0.00211894510226049,12,4.41780821917808,2.25160576687619,0.2,27,9.76809210526316,4.24308667338206,6.75,2
8,5000,18,500,7248,2000,0.044184368737475,22.048,48,10.1090897710921,71102.7889800001,33276.6776584299,0.4680080505392,14.366,37,0.00198206401766004,12,4.34660421545667,2.35924737736781,0.2,26,9.47864768683274,4.38256083270818,6.5,0
8,5000,19,500,7596,2000,0.0437995991983968,21.856,44,9.13231974911085,68975.5070799996,30733.2493923432,0.445567574540597,15.898,56,0.00209294365455503,10,4.20316027088036,1.98851985950595,0.166666666666667,19,9.37904468412943,3.70706130995758,4.75,4
12,500,0,377,2308,1508,0.144562334217507,54.3554376657825,97,22.6755673881258,99778.348806366,81181.9864918419,0.813623270609408,51.7267904509284,141,0.0224119542681665,21,12.438127090301,3.44066054518497,0.35,67,34.9159292035398,13.7711065125159,16.75,6
12,500,1,441,2752,1764,0.148072562358277,65.1519274376417,107,23.0857035233787,102991.865079365,79999.4113603323,0.776754662115159,67.0816326530612,212,0.02437559326056,22,15.0716417910448,3.51129546065051,0.366666666666667,72,43.5772646536412,15.581641346379,18.0,5
12,500,2,381,2480,1524,0.138251139660174,52.5354330708661,88,19.0206940525384,97823.9009186352,79656.6246135129,0.814285914438918,53.6482939632546,181,0.0216323765980865,19,12.2781456953642,2.68589383644014,0.316666666666667,56,33.8020202020202,11.6678439215379,14.0,5
12,500,3,324,1788,1296,0.140350877192982,45.3333333333333,86,20.6436550500913,95578.2407407407,80578.2274750322,0.843060374940394,35.8333333333333,133,0.0200410141685309,18,10.4185185185185,2.78867246221368,0.3,54,27.3198757763975,12.0475317431655,13.5,2
12,500,4,474,3484,1896,0.14614499424626,69.126582278481,113,24.5622607272266,98710.4825949367,79227.7660918085,0.802627684608974,79.1223628691983,312,0.0227102074825483,24,15.6965317919075,3.64665332285395,0.4,77,42.9932975871314,14.2111125233997,19.25,6
12,500,5,444,2936,1776,0.14874016228418,65.8918918918919,109,23.2849954979524,101426.126126126,80071.201110568,0.789453409775281,67.5945945945946,231,0.0230226820826276,25,14.8184523809524,3.64819165707889,0.416666666666667,73,41.1050903119869,14.3041828036941,18.25,6
12,500,6,444,3688,1776,0.144276330506579,63.9144144144144,112,23.6603570329647,100226.196509009,80337.4690623682,0.801561586297918,89.3243243243243,379,0.0242202614762268,23,14.6876876876877,3.42378165767006,0.383333333333333,67,43.624843161857,14.1052162106098,16.75,6
12,500,7,398,2260,1592,0.143754034656912,57.070351758794,106,25.6927159647459,100350.738065327,82153.390343531,0.818662542272988,55.3743718592965,217,0.0245019344510161,23,13.1287128712871,3.73988413280386,0.383333333333333,70,41.0477272727273,19.8667148384194,17.5,3
12,500,8,422,3288,1688,0.148292825702739,62.4312796208531,111,26.0661529505639,98725.8886255924,79882.426366026,0.809133525948516,82.3530805687204,267,0.0250465573505841,25,14.0064102564103,3.91331847320344,0.416666666666667,76,43.5911047345768,17.8684201140878,19.0,6
12,500,9,446,2776,1784,0.14422330830856,64.1793721973094,115,25.8022685685386,100962.331838565,79721.0451484408,0.789611766058571,65.2466367713004,260,0.0235038316899497,24,14.7294832826748,3.62401816161824,0.4,72,42.6256590509666,16.6372052929896,18.0,5
12,500,10,389,2684,1556,0.142037473829274,55.1105398457584,95,21.0688824252603,101312.644601542,80931.7620078934,0.798831797612173,63.6118251928021,250,0.0237003819645313,19,12.7854785478548,3.17844229113172,0.316666666666667,60,38.2252747252747,13.0103714058694,15.0,5
12,500,11,432,2624,1728,0.143174787316319,61.7083333333333,107,23.6888222781532,99367.3177083333,78606.3528296453,0.791068478474719,61.0578703703704,242,0.0232690054765131,22,14.0,3.43902103390511,0.366666666666667,68,40.8418079096045,15.6767434755117,17.0,6
12,500,12,403,2768,1612,0.145821759687913,58.6203473945409,103,22.2526053428431,100101.767990074,78750.1620285117,0.786701010478858,67.9404466501241,249,0.0245449590499003,21,13.243670886076,3.0180036478219,0.35,66,40.9082892416226,13.8698428800672,16.5,6
12,500,13,433,3416,1732,0.146330510649217,63.2147806004619,112,25.6140760145449,100629.387990762,81905.6970415819,0.813934166519038,86.3810623556582,380,0.0252871962399468,25,14.3498452012384,3.46743697434919,0.416666666666667,74,44.9492455418381,16.1662794101108,18.5,6
12,500,14,443,3636,1772,0.14520494775441,64.1805869074492,113,24.6035634450131,100942.339164786,79250.5703055115,0.785107329206401,96.1286681715576,439,0.0264380275499333,24,14.6788990825688,3.68868192219782,0.4,69,48.1951530612245,15.9747545405128,17.25,4
12,500,15,380,2620,1520,0.146479655603388,55.5157894736842,102,23.0751008016934,101360.773026316,79931.9353297921,0.788588454322855,66.9421052631579,305,0.0255504218561671,25,12.7441077441077,3.63788158864987,0.416666666666667,62,40.8547169811321,14.608333962034,15.5,6
12,500,16,357,2300,1428,0.139993075882038,49.8375350140056,91,20.3314673132934,96082.0728291316,81819.5330864618,0.8515587838323,47.6050420168067,164,0.0206978443551334,19,11.4810996563574,2.81176104342569,0.316666666666667,59,30.3422222222222,12.1149400675161,14.75,6
12,500,17,443,3960,1772,0.146757504877276,64.8668171557562,108,24.4834279518067,100634.904063205,78290.5174777746,0.777965838061543,104.638826185102,398,0.0264239460063388,25,14.4984984984985,3.6255885922686,0.416666666666667,75,48.0080924855491,17.8536420841168,18.75,5
12,500,18,435,2864,1740,0.145653901160019,63.2137931034483,111,25.1741117361531,102487.011494253,81012.7481361615,0.790468440390658,65.5931034482759,195,0.0229026199190907,25,14.7217125382263,3.78863415351364,0.416666666666667,76,40.1336717428088,17.6362206093383,19.0,4
12,500,19,446,2940,1784,0.148757998689978,66.1973094170404,114,26.3232167798635,103206.726457399,79160.1257536723,0.767005489572886,67.5515695067265,210,0.0229767243220158,25,15.0477611940299,3.92056796863708,0.416666666666667,80,41.1262295081967,18.5734377728364,20.0,6
12,1000,0,500,5104,2000,0.130509018036072,65.124,107,23.2716270166054,94436.6753999998,81540.9017860841,0.863445281620792,88.18,264,0.0172766457680251,19,13.0542635658915,2.87817254014473,0.316666666666667,68,36.4074074074074,12.3220156584323,17.0,5
12,1000,1,500,5384,2000,0.136593186372745,68.16,108,23.4877499986695,98409.5065,82319.8446518047,0.836502971913641,99.726,322,0.0185226597325409,19,13.464552238806,2.90050384600744,0.316666666666667,77,38.9105839416058,12.2595574673007,19.25,5
12,1000,2,500,5388,2000,0.130460921843687,65.1,103,23.9499895615843,92183.1570799996,80776.8732682244,0.876264990557045,98.428,335,0.018268002969562,22,13.1825396825397,3.62727934611803,0.366666666666667,64,38.8058340929809,11.9696380810014,16.0,3
12,1000,3,500,5120,2000,0.131559118236473,65.648,105,23.4286170313145,94671.9334199997,81769.3469060508,0.863712654343835,92.568,352,0.0180796875,19,13.105476673428,3.08319899628177,0.316666666666667,66,38.6631067961165,12.6532584566632,16.5,6
12,1000,4,500,4636,2000,0.134476953907816,67.104,110,24.1637162704746,95738.7965799994,80553.9881136348,0.841393363936049,81.782,246,0.0176406384814495,19,13.1589147286822,2.99643489467068,0.316666666666667,77,37.5148514851485,12.6219921535405,19.25,6
12,1000,5,500,4928,2000,0.135807615230461,67.768,123,26.5551911309258,98409.5666999997,83127.4493647145,0.844709027305521,93.436,320,0.0189602272727273,19,13.6192236598891,3.10552547752645,0.316666666666667,78,40.071283095723,13.8792072274325,19.5,6
12,1000,6,500,5432,2000,0.138869739478958,69.296,113,24.1697410826016,98593.2009200002,82068.7508004132,0.832397670778585,111.934,348,0.0206064064801178,20,13.525939177102,2.99653165100548,0.333333333333333,74,43.687725631769,15.9004675211273,18.5,6
12,1000,7,500,5340,2000,0.137362725450902,68.544,121,26.2593995361661,95560.7886799991,81278.0987175278,0.850538174079965,102.322,324,0.0191614232209738,21,13.4131274131274,3.41233022364402,0.35,79,40.7493087557604,16.0553711236612,19.75,6
12,1000,8,500,6184,2000,0.136513026052104,68.12,125,28.2724883941969,95747.3788199997,82452.1786248417,0.861142933007573,134.948,593,0.0218221216041397,21,13.3409961685824,3.325652841735,0.35,79,46.6898148148148,20.0341010505582,19.75,6
12,1000,9,500,5744,2000,0.133250501002004,66.492,115,25.5722884388551,93968.5091399998,81834.4035452942,0.87087051070878,113.21,463,0.0197092618384401,21,13.2374245472837,3.45420861410243,0.35,71,42.1804384485666,15.5636479793448,17.75,5
12,1000,10,500,5436,2000,0.134092184368737,66.912,112,24.6303117316854,96514.5887800002,82096.9822734202,0.850617334759161,110.362,412,0.0203020603384842,20,13.5193798449612,2.8647842436551,0.333333333333333,73,43.4670874661858,14.4902581836729,18.25,5
12,1000,11,500,5684,2000,0.133346693386774,66.54,117,24.5257497336983,94957.13974,80630.7013701063,0.849127317765461,100.904,382,0.0177522871217452,19,13.0414312617702,2.82545881887829,0.316666666666667,71,37.1707941929974,11.9940862584967,17.75,3
12,1000,12,500,5212,2000,0.134340681362725,67.036,120,26.1942494452504,95210.6554,82707.2272573126,0.868676167702471,97.69,325,0.0187432847275518,21,13.1625708884688,3.04099864939423,0.35,76,39.7739791073124,14.9358300411965,19.0,6
12,1000,13,500,5412,2000,0.134092184368737,66.912,117,25.5896904240751,96974.3451199996,83763.2872825846,0.863767496227304,97.838,301,0.0180779748706578,20,13.2626262626263,3.38739749507101,0.333333333333333,77,38.3989120580236,12.6822696135845,19.25,6
12,1000,14,500,5440,2000,0.133683366733467,66.708,110,23.5069933424077,95370.5773800002,81678.611155919,0.856434063835788,102.146,318,0.0187768382352941,20,13.1492248062016,3.04281772525928,0.333333333333333,69,39.8990990990991,14.1860450112867,17.25,6
12,1000,15,500,4952,2000,0.135639278557114,67.684,111,24.3020193399643,96575.8581,82206.5806209368,0.851212531146403,92.174,288,0.0186134894991922,19,13.4011516314779,3.02807062757268,0.316666666666667,71,39.57995951417,12.3589484373103,17.75,6
12,1000,16,500,5280,2000,0.132921843687375,66.328,114,24.75585619606,95870.2255799995,81469.2484811653,0.849786761095945,97.13,301,0.0183958333333333,21,13.176245210728,2.97105623871178,0.35,68,38.9598130841121,13.3276913595119,17.0,6
12,1000,17,500,4888,2000,0.132216432865731,65.976,106,23.1414654678566,95363.6451,82119.0902020845,0.861115261648954,84.802,278,0.0173490180032733,20,13.1161417322835,3.17040560937295,0.333333333333333,71,36.7674897119342,12.1942209831418,17.75,6
12,1000,18,500,5112,2000,0.13011623246493,64.928,106,23.4966979807802,91939.2550799996,79973.3514033075,0.869849895278353,86.84,227,0.0169874804381847,21,12.7900207900208,3.02443001615919,0.35,65,36.2529182879377,12.0526665779502,16.25,6
12,1000,19,500,5460,2000,0.133915831663327,66.824,110,24.5625125750604,95555.8424399999,81087.6521453826,0.848589160796715,95.978,360,0.0175783882783883,22,13.4326923076923,3.33848313977414,0.366666666666667,75,36.7748878923767,11.7320800040153,18.75,6
12,2500,0,500,6016,2000,0.116392785571142,58.08,87,21.1453446413153,104568.29118,95327.264908943,0.911626878791109,73.568,247,0.0122287234042553,11,9.39337877312561,1.23762618514439,0.183333333333333,60,30.872582480091,10.59233893831,15.0,0
12,2500,1,500,5424,2000,0.120216432865731,59.988,93,21.7577539281976,105014.913099999,95549.2539367326,0.909863667132179,67.042,195,0.0123602507374631,11,9.39397089397089,1.27900243383822,0.183333333333333,59,33.4938440492476,12.3909592775133,14.75,3
12,2500,2,500,6596,2000,0.119911823647295,59.836,93,20.8143485125045,104682.79842,94412.9980133063,0.901896008115012,89.006,274,0.0134939357186173,11,9.33702213279678,1.40497018933162,0.183333333333333,57,34.396484375,11.2085620237558,14.25,5
12,2500,3,500,6592,2000,0.119639278557114,59.7,92,20.5503771254934,102763.43326,93765.1080040301,0.912436506152893,84.438,270,0.0128091626213592,11,9.1951951951952,1.39315390921166,0.183333333333333,58,32.2903225806452,11.1348604173439,14.5,3
12,2500,4,500,6160,2000,0.117482965931864,58.624,94,21.1864726653589,100554.14054,94050.7166632859,0.935324156302378,76.858,268,0.0124769480519481,11,8.98988877654196,1.33472668980078,0.183333333333333,58,32.2819672131148,10.2162012369947,14.5,6
12,2500,5,500,6272,2000,0.120384769539078,60.072,96,22.3061161119547,105174.00122,95106.9310796721,0.90428176142819,83.056,259,0.0132423469387755,11,9.34671890303624,1.28704138331124,0.183333333333333,60,33.9183457051962,11.0403056335783,15.0,4
12,2500,6,500,7204,2000,0.122404809619238,61.08,91,20.5893564736735,106147.2023,93254.420862267,0.878538659914046,102.91,285,0.0142851193781233,11,9.37137330754352,1.25377289407843,0.183333333333333,58,35.5144557823129,10.5984915116669,14.5,3
12,2500,7,500,6352,2000,0.119446893787575,59.604,95,22.3740739249695,104320.05668,93845.7847093298,0.899594840110186,79.738,236,0.0125532115869018,11,9.32738095238095,1.40716853977046,0.183333333333333,64,31.6375908618899,11.2078688057996,16.0,2
12,2500,8,500,6044,2000,0.117026052104208,58.396,92,21.4680968881734,101880.03688,93943.4163107449,0.922098373613636,76.488,246,0.0126551952349437,10,9.03942307692308,1.01213010995002,0.166666666666667,58,32.5541760722348,11.2968812266843,14.5,5
12,2500,9,500,5732,2000,0.117386773547094,58.576,89,20.9261612342063,103904.77136,94497.91256227,0.909466536766268,69.974,215,0.0122076064200977,11,9.23046488625124,1.06434977178546,0.183333333333333,60,31.7512376237624,10.2973729444648,15.0,6
12,2500,10,500,5924,2000,0.117835671342685,58.8,91,20.7475299734692,102351.99052,95280.180339302,0.930906959945093,71.542,257,0.0120766374071573,11,9.06632653061224,1.18092352977392,0.183333333333333,52,31.4088785046729,10.8174580104417,13.0,3
12,2500,11,500,5932,2000,0.11949498997996,59.628,92,21.9218980930028,105616.934079999,95697.912137376,0.906084928245407,77.716,242,0.0131011463250169,11,9.35460251046025,1.33460137316941,0.183333333333333,59,34.8659673659674,13.2238035995685,14.75,6
12,2500,12,500,6100,2000,0.116713426853707,58.24,92,21.3100539652062,101877.8756,94793.6465565239,0.930463518190243,75.86,276,0.0124360655737705,11,9.14691478942214,1.3417002025354,0.183333333333333,59,31.7677777777778,10.397887902815,14.75,5
12,2500,13,500,6136,2000,0.115559118236473,57.664,90,20.985973982639,100802.07756,92912.9475220686,0.921736434120268,77.52,224,0.0126336375488918,11,8.86786469344609,1.37421247356277,0.183333333333333,57,33.4114411441144,10.4924993384583,14.25,4
12,2500,14,500,6364,2000,0.119134268537074,59.448,93,21.8062214975451,103559.1092,95811.8919911168,0.925190383842318,81.932,272,0.0128742928975487,11,9.31623036649215,1.35773850674216,0.183333333333333,62,33.1977225672878,10.9531864290692,15.5,6
12,2500,15,500,6048,2000,0.119599198396794,59.68,90,21.7712103476127,106839.82444,94826.755894071,0.887560012299765,79.044,328,0.0130694444444444,11,9.42349457058243,1.26978744178117,0.183333333333333,64,33.7948139797069,10.869662182827,16.0,3
12,2500,16,500,6144,2000,0.119206412825651,59.484,93,21.9882182998077,102374.51092,93273.1472385481,0.911097365939421,79.77,264,0.0129833984375,11,9.12733260153677,1.3737500728271,0.183333333333333,61,34.6542261251372,11.8985872672579,15.25,6
12,2500,17,500,6272,2000,0.119014028056112,59.388,93,21.2576916903035,102302.51516,94216.2636202093,0.920957451269466,78.416,252,0.0125025510204082,11,9.09406952965235,1.3884366174098,0.183333333333333,61,32.1463414634146,10.0298496639845,15.25,5
12,2500,18,500,6608,2000,0.115446893787575,57.608,91,21.1198090900462,99052.5834600001,94761.4355532383,0.956678081914999,80.302,236,0.0121522397094431,10,8.82407407407407,1.16574772745237,0.166666666666667,60,30.7439143135346,11.350383556459,15.0,6
12,2500,19,500,6204,2000,0.117082164328657,58.424,93,21.3463866731585,103132.97088,94380.4182603396,0.915133322108557,78.676,244,0.0126814958091554,11,9.14604462474645,1.32802892498426,0.183333333333333,62,32.7429805615551,11.1077983898132,15.5,4
12,5000,0,500,10008,2000,0.151591182364729,75.644,101,18.3765411326506,161920.90236,93224.2916575483,0.575739699438446,145.078,369,0.0144962030375699,9,7.92834322227294,1.01286789010262,0.15,69,44.0638977635783,12.3120660893657,17.25,6
12,5000,1,500,9136,2000,0.151839679358717,75.768,97,18.0050597333083,164219.86806,91855.9458789665,0.559347336982426,123.44,355,0.0135113835376532,9,8.10482456140351,0.99206211999201,0.15,77,41.8191489361702,12.1444075710789,19.25,6
12,5000,2,500,8396,2000,0.149002004008016,74.352,100,19.965071900697,161835.3364,94618.5443826572,0.584659361097712,110.668,275,0.0131810385898047,9,7.91109154929577,0.970978636606124,0.15,76,44.0047114252061,13.4697663965541,19.0,6
12,5000,3,500,9116,2000,0.145555110220441,72.632,96,19.3730889638178,158561.67456,95510.1984178769,0.602353618444763,118.408,309,0.012989030276437,9,7.72415329768271,0.836513777016224,0.15,72,40.6909620991254,12.4507084872439,18.0,6
12,5000,4,500,8772,2000,0.154028056112224,76.86,102,18.4053361827487,166546.36074,92600.4914820455,0.556004292562158,122.546,304,0.0139701322389421,9,8.18121693121693,1.02579599609473,0.15,77,45.3001060445387,13.5910608600501,19.25,6
12,5000,5,500,9316,2000,0.14984368737475,74.772,95,18.3941299332151,162889.04782,94516.5791678317,0.580251284127321,126.956,431,0.0136277372262774,9,7.98707088720464,0.911272120321622,0.15,75,42.227062094532,11.2354269647199,18.75,6
12,5000,6,500,8408,2000,0.146901803607214,73.304,96,19.7886731237847,159128.121040001,95446.1787951876,0.59980711247885,104.07,257,0.012377497621313,9,7.80238422741862,1.06931431534684,0.15,71,41.1009389671362,13.4311546268852,17.75,6
12,5000,7,500,8660,2000,0.148192384769539,73.948,102,19.9214782584024,162779.30576,94426.6422768966,0.580089968046172,109.306,359,0.0126219399538106,9,7.97160883280757,0.908428153951045,0.15,78,40.3978142076503,13.5027702330107,19.5,5
12,5000,8,500,9132,2000,0.148432865731463,74.068,98,19.6716897088176,160669.42136,94655.1191663909,0.589129644988913,117.272,353,0.0128418747262374,9,7.95101663585952,1.0689725410989,0.15,75,40.1064859632139,12.5239088498375,18.75,3
12,5000,9,500,9456,2000,0.147599198396794,73.652,98,19.7486935264083,160300.352040001,95006.0856209333,0.592675464600513,127.628,437,0.0134970389170897,9,7.77888536474853,0.985645974633836,0.15,73,41.8725314183124,12.0980397933497,18.25,6
12,5000,10,500,8932,2000,0.149755511022044,74.728,102,19.1960937693063,163733.23442,94272.5230108699,0.575769014426521,117.412,318,0.0131450962830273,9,7.92597577388964,0.911711843091099,0.15,77,41.7487283825025,11.6963504716003,19.25,5
12,5000,11,500,9516,2000,0.147511022044088,73.608,98,19.4938538006214,161609.43252,93747.9136487531,0.580089368466479,128.738,393,0.0135285834384195,9,7.86258503401361,0.991428860826577,0.15,72,41.6581045172719,11.8081065495991,18.0,6
12,5000,12,500,9928,2000,0.151342685370741,75.52,102,19.5529435124229,160656.9065,92650.1499331604,0.576695717299651,148.448,390,0.0149524576954069,9,7.9393669193045,0.971679652389729,0.15,73,45.7922077922078,14.3044586295356,18.25,6
12,5000,13,500,9172,2000,0.150661322645291,75.18,104,20.1155561692935,163865.28692,94328.3600071127,0.575645774526757,124.536,388,0.0135778456170955,9,7.9681328545781,0.978387966437809,0.15,80,42.679769894535,12.6789035620868,20.0,6
12,5000,14,500,9436,2000,0.146533066132265,73.12,94,18.571634284575,162566.22806,94150.0148462712,0.579148670482299,124.678,326,0.0132130139889784,9,7.90705987488829,0.902451346839437,0.15,75,40.2551848512173,11.748214479271,18.75,6
12,5000,15,500,8648,2000,0.153635270541082,76.664,101,18.1949197305182,168038.443760001,92350.4280264898,0.549579167481391,116.196,325,0.013436170212766,9,8.24704853519895,0.906039971090722,0.15,76,43.0230263157895,12.8615483488238,19.0,6
12,5000,16,500,9460,2000,0.148665330661323,74.184,99,18.8021845539288,161902.278079999,93750.4522309049,0.579055794289571,128.616,399,0.0135957716701903,9,7.85089285714286,0.900445875238875,0.15,74,41.9031390134529,10.7188087072096,18.5,6
12,5000,17,500,9580,2000,0.151671342685371,75.684,100,19.2405858538663,163533.42266,92549.0699542063,0.565933669391996,136.136,335,0.0142104384133612,9,8.0193606483566,0.939447060713496,0.15,74,43.892576419214,13.1873893347723,18.5,6
12,5000,18,500,8816,2000,0.151695390781563,75.696,99,18.7735874035838,162058.792700001,92604.5850778877,0.571425860547506,120.998,316,0.0137248185117967,9,7.97197508896797,1.00603924388342,0.15,77,44.6310272536688,11.8348223703629,19.25,6
12,5000,19,500,9404,2000,0.150268537074148,74.984,97,18.3822671071879,160418.80914,93926.8702439167,0.585510332282452,130.87,396,0.0139164185452999,9,7.85267452402539,0.913562368647602,0.15,73,43.6984559491371,10.6977247394232,18.25,6
