Instance,User,Simulation,Backtracking percentiles idx,Total Allocated Demand,Computation Time(s),Threads,Gurobi Time(s),Speedup,Problem Type
4,500,0,1,962750.0,0.001451417,1,0.069534166,47.907779776590736,Realistic
4,500,1,1,965875.0,0.002216791,1,0.083190084,37.52725629073738,Realistic
4,500,2,6,971325.0,0.001738917,1,0.081255833,46.7278386489982,Realistic
4,500,3,6,963325.0,0.001368625,1,0.049378875,36.07918531372728,Realistic
4,500,4,1,953100.0,0.000661416,1,0.03877025,58.61704282932376,Realistic
4,500,5,5,960450.0,0.001721292,1,0.0762365,44.29027730332797,Realistic
4,500,6,1,965650.0,0.001762209,1,0.077827917,44.16497532358534,Realistic
4,500,7,4,965225.0,0.001794001,1,0.095974875,53.497670848566976,Realistic
4,500,8,1,967275.0,0.001434166,1,0.062276834,43.423727797200605,Realistic
4,500,9,5,968700.0,0.001341,1,0.109007875,81.28849739000746,Realistic
4,500,10,1,968200.0,0.001850292,1,0.087398083,47.23475159596432,Realistic
4,500,11,1,961700.0,0.001109542,1,0.069655542,62.778643800775455,Realistic
4,500,12,1,973850.0,0.000963958,1,0.064532875,66.94573311285347,Realistic
4,500,13,5,962225.0,0.001520125,1,0.08207875,53.99473727489516,Realistic
4,500,14,1,955825.0,0.000855625,1,0.063702708,74.45166749452154,Realistic
4,500,15,6,961700.0,0.000857125,1,0.053685417,62.63429138107043,Realistic
4,500,16,4,969650.0,0.00146075,1,0.052297,35.80147184665412,Realistic
4,500,17,5,970525.0,0.001781375,1,0.075995875,42.661357097747526,Realistic
4,500,18,1,966550.0,0.000824334,1,0.045441708,55.125359381027586,Realistic
4,500,19,6,974325.0,0.001249,1,0.063629875,50.94465572457967,Realistic
4,1000,0,6,1636975.0,0.003967166,1,0.219869,55.422182989065746,Realistic
4,1000,1,1,1631275.0,0.006262668,1,0.125586875,20.05325445960092,Realistic
4,1000,2,5,1663225.0,0.005907124,1,0.225614709,38.1936639555899,Realistic
4,1000,3,5,1623075.0,0.006440084,1,0.252147459,39.15282145388166,Realistic
4,1000,4,6,1651875.0,0.003989458,1,0.289406208,72.54273838701899,Realistic
4,1000,5,4,1640075.0,0.002835209,1,0.097637375,34.43745240650689,Realistic
4,1000,6,1,1642025.0,0.003661542,1,0.226494208,61.85760207038456,Realistic
4,1000,7,6,1631175.0,0.003882751,1,0.169485334,43.65083776940628,Realistic
4,1000,8,1,1667425.0,0.003840501,1,0.148616958,38.6972840262247,Realistic
4,1000,9,4,1627250.0,0.003906458,1,0.213368666,54.61947011845514,Realistic
4,1000,10,6,1645025.0,0.006683876,1,0.255082833,38.1639086362464,Realistic
4,1000,11,1,1640800.0,0.005955125,1,0.244904708,41.125032304107805,Realistic
4,1000,12,2,1632425.0,0.003218167,1,0.250343292,77.79064666314706,Realistic
4,1000,13,6,1671825.0,0.004318667,1,0.165214417,38.255882428536395,Realistic
4,1000,14,3,1608775.0,0.005707124,1,0.215926375,37.834533646018556,Realistic
4,1000,15,1,1623750.0,0.005902834,1,0.137190958,23.241540927629,Realistic
4,1000,16,1,1621550.0,0.003713125,1,0.12650425,34.069483251977786,Realistic
4,1000,17,2,1627600.0,0.004185417,1,0.238272833,56.92929354470534,Realistic
4,1000,18,1,1651125.0,0.003541458,1,0.203994583,57.601864260426076,Realistic
4,1000,19,1,1630400.0,0.003665958,1,0.169009584,46.10243325209945,Realistic
4,2500,0,1,3411675.0,0.003678042,1,0.141427042,38.45172023592988,Realistic
4,2500,1,1,3488800.0,0.005679208,1,0.209592708,36.90527059406875,Realistic
4,2500,2,6,3425300.0,0.005900541,1,0.132204916,22.405558405576713,Realistic
4,2500,3,1,3413125.0,0.005849667,1,0.22928,39.19539351556251,Realistic
4,2500,4,6,3363900.0,0.004261375,1,0.18071825,42.40843624417001,Realistic
4,2500,5,3,3399775.0,0.004579,1,0.269409125,58.835799301157465,Realistic
4,2500,6,1,3448775.0,0.005890917,1,0.153756417,26.100591300132052,Realistic
4,2500,7,1,3409375.0,0.005439876,1,0.209062959,38.431567006306764,Realistic
4,2500,8,1,3446950.0,0.003743625,1,0.138944,37.114828541854486,Realistic
4,2500,9,6,3490150.0,0.00376275,1,0.133738792,35.54283223706066,Realistic
4,2500,10,6,3481000.0,0.006038875,1,0.182398667,30.204080561362833,Realistic
4,2500,11,0,3371950.0,0.003059791,1,0.892886375,291.8128640158756,Realistic
4,2500,12,5,3429125.0,0.004287751,1,0.122423375,28.55188535901455,Realistic
4,2500,13,5,3450375.0,0.005098333,1,0.124595,24.438380152885266,Realistic
4,2500,14,1,3357475.0,0.003418208,1,0.123570583,36.150691531937206,Realistic
4,2500,15,5,3392125.0,0.006700126,1,0.625765834,93.39612926682274,Realistic
4,2500,16,1,3474525.0,0.004134167,1,0.286589666,69.32222767004816,Realistic
4,2500,17,1,3368200.0,0.005469291,1,0.152608708,27.902832012412578,Realistic
4,2500,18,1,3461800.0,0.0055155,1,0.16654,30.19490526697489,Realistic
4,2500,19,0,3340375.0,0.00227675,1,0.15058675,66.14110025255297,Realistic
4,5000,0,4,5862200.0,0.005071416,1,1.252733333,247.01845263729103,Realistic
4,5000,1,6,5769925.0,0.005184708,1,0.20840725,40.1965260145798,Realistic
4,5000,2,5,5742525.0,0.003700208,1,0.858481459,232.00897327933995,Realistic
4,5000,3,5,5794575.0,0.005619208,1,2.23436475,397.629835023014,Realistic
4,5000,4,1,5776825.0,0.003773583,1,2.274474,602.7359143816368,Realistic
4,5000,5,3,5807150.0,0.005402416,1,2.007573167,371.606549180959,Realistic
4,5000,6,6,5801075.0,0.004461626,1,0.142496667,31.938281469580822,Realistic
4,5000,7,6,5682575.0,0.004683791,1,1.260550208,269.1303279757786,Realistic
4,5000,8,4,5836650.0,0.004697999,1,0.350570875,74.62131750134473,Realistic
4,5000,9,5,5893925.0,0.003672833,1,0.183333375,49.916066153838194,Realistic
4,5000,10,3,5903325.0,0.005182209,1,0.209205083,40.3698660165964,Realistic
4,5000,11,6,5802675.0,0.005132541,1,1.842487,358.9814479806396,Realistic
4,5000,12,5,5813825.0,0.005861958,1,0.407104833,69.44860966250526,Realistic
4,5000,13,5,5849800.0,0.003694083,1,0.196309875,53.141706615687845,Realistic
4,5000,14,3,5918675.0,0.003345875,1,0.976755959,291.92840706840514,Realistic
4,5000,15,6,5736900.0,0.003662458,1,0.243212,66.40676835065413,Realistic
4,5000,16,5,5791875.0,0.005251333,1,1.21125975,230.65757779977005,Realistic
4,5000,17,0,5871625.0,0.002683417,1,0.211859375,78.9513426351551,Realistic
4,5000,18,6,5851875.0,0.003682291,1,0.770098083,209.13558515608898,Realistic
4,5000,19,4,5879850.0,0.00311225,1,0.285860792,91.85020226524217,Realistic
8,500,0,6,2475656.25,0.000475541,1,0.024186875,50.86180791982184,Random
8,500,1,0,2497925.0,0.000514209,1,0.02449375,47.63384149246708,Random
8,500,2,6,2491012.5,0.000588124,1,0.042508042,72.27734627391503,Random
8,500,3,0,2464331.25,0.000281583,1,0.017183209,61.02360227712611,Random
8,500,4,4,2496131.25,0.000852125,1,0.021069125,24.725392401349566,Random
8,500,5,5,2442143.75,0.000489041,1,0.022873916,46.77300267257756,Random
8,500,6,5,2464937.5,0.000662084,1,0.023612333,35.66365143999855,Random
8,500,7,1,2438650.0,0.00073525,1,0.019006459,25.850335260115607,Random
8,500,8,0,2451243.75,0.00033925,1,0.023042417,67.92164185703759,Random
8,500,9,6,2465550.0,0.000601834,1,0.025077917,41.669159602149435,Random
8,500,10,0,2467387.5,0.000500958,1,0.0245855,49.07696852829977,Random
8,500,11,6,2502125.0,0.001124792,1,0.027403583,24.36324493773071,Random
8,500,12,5,2462656.25,0.000451042,1,0.021347083,47.32837075039575,Random
8,500,13,0,2496218.75,0.000476374,1,0.020311958,42.63867885316999,Random
8,500,14,6,2428675.0,0.00037925,1,0.018931,49.91694133157548,Random
8,500,15,6,2438381.25,0.000794499,1,0.03475325,43.742345805343994,Random
8,500,16,3,2501862.5,0.000628791,1,0.040224375,63.97097763803872,Random
8,500,17,1,2497493.75,0.000565041,1,0.034437208,60.94638796122759,Random
8,500,18,6,2450550.0,0.000863667,1,0.02289775,26.512243723564755,Random
8,500,19,5,2475481.25,0.000987125,1,0.030483459,30.881052551601876,Random
8,1000,0,4,2667385.16,0.001865417,1,0.080588709,43.20144450275729,Random
8,1000,1,4,2687997.59,0.001918416,1,0.059728125,31.1340840568469,Random
8,1000,2,5,2660794.33,0.000966376,1,0.044115375,45.65032140698858,Random
8,1000,3,3,2666841.61,0.002753417,1,0.061526417,22.34547727423779,Random
8,1000,4,6,2618125.46,0.001055167,1,0.033860666,32.09033830663771,Random
8,1000,5,5,2639884.39,0.001013584,1,0.040513417,39.97045829452714,Random
8,1000,6,5,2651147.75,0.002402833,1,0.053143333,22.11694820239276,Random
8,1000,7,4,2668708.86,0.001596249,1,0.055045208,34.48409865879321,Random
8,1000,8,2,2652707.79,0.001129166,1,0.043737375,38.734229510984214,Random
8,1000,9,6,2637699.74,0.002247667,1,0.048111792,21.40521349470362,Random
8,1000,10,3,2657284.3,0.001275376,1,0.05122425,40.164037899411625,Random
8,1000,11,6,2644706.58,0.001024791,1,0.03917,38.22242779259381,Random
8,1000,12,6,2624090.81,0.000935542,1,0.040686916,43.49020781536264,Random
8,1000,13,5,2662444.14,0.001495083,1,0.047208042,31.575532595849193,Random
8,1000,14,3,2681146.62,0.001177791,1,0.047153625,40.0356472413187,Random
8,1000,15,6,2658808.48,0.00302425,1,0.089070708,29.452164338265685,Random
8,1000,16,6,2656636.03,0.001043333,1,0.041668375,39.937752376278716,Random
8,1000,17,5,2659285.43,0.002297917,1,0.066591833,28.979215959497232,Random
8,1000,18,4,2641028.8,0.00179175,1,0.045652084,25.479047858239152,Random
8,1000,19,3,2672974.87,0.001789708,1,0.040396708,22.571675379447374,Random
8,2500,0,3,3598792.41,0.003182333,1,0.112235375,35.26826859414147,Random
8,2500,1,3,3590290.07,0.002999708,1,0.106217708,35.409349176653194,Random
8,2500,2,0,3673673.19,0.003098416,1,0.122592125,39.56606375644845,Random
8,2500,3,2,3613263.07,0.002711459,1,0.111095042,40.972421858490215,Random
8,2500,4,0,3626574.6,0.002298792,1,0.105757625,46.005739101232294,Random
8,2500,5,3,3639787.26,0.003463749,1,0.095746417,27.64242357053008,Random
8,2500,6,6,3646221.57,0.004986166,1,0.096165959,19.286553837156642,Random
8,2500,7,4,3615487.97,0.005172333,1,0.144002208,27.840861754260597,Random
8,2500,8,0,3606444.77,0.003052125,1,0.164236666,53.81059622394233,Random
8,2500,9,5,3636686.17,0.003267667,1,0.090936666,27.82923290531134,Random
8,2500,10,6,3598615.41,0.004007209,1,0.082213833,20.51648241955935,Random
8,2500,11,5,3654527.91,0.005770583,1,0.122389666,21.209237610827188,Random
8,2500,12,3,3613823.21,0.005065333,1,0.094578708,18.671765113961904,Random
8,2500,13,6,3617968.17,0.004522876,1,0.116426625,25.741723850045855,Random
8,2500,14,0,3650144.67,0.002405999,1,0.115940834,48.18823033592284,Random
8,2500,15,5,3606739.37,0.001847125,1,0.073296208,39.68123868173513,Random
8,2500,16,6,3677924.66,0.003986667,1,0.12280175,30.80311197298395,Random
8,2500,17,4,3572558.12,0.005109042,1,0.141285459,27.654002257174632,Random
8,2500,18,6,3620745.7,0.004967667,1,0.097631041,19.653298218258186,Random
8,2500,19,3,3653498.04,0.002610458,1,0.088830542,34.02871909833447,Random
8,5000,0,6,5767449.9,0.003802501,1,0.094688334,24.901593451257476,Random
8,5000,1,6,5692299.54,0.003103251,1,0.144807667,46.663214480556036,Random
8,5000,2,5,5749137.04,0.004775959,1,0.102006167,21.35825851938846,Random
8,5000,3,0,5669224.22,0.002401417,1,0.169654209,70.64754226358855,Random
8,5000,4,3,5644395.64000001,0.004667499,1,0.128809292,27.597069008477558,Random
8,5000,5,4,5719845.42,0.004271125,1,0.156830791,36.71884831279815,Random
8,5000,6,0,5826557.2,0.003966126,1,0.11074775,27.923406871087806,Random
8,5000,7,6,5757361.48000001,0.004744792,1,0.10188475,21.472964462931145,Random
8,5000,8,0,5696979.48,0.00291375,1,0.113724458,39.030273015873014,Random
8,5000,9,2,5688301.93,0.003169957,1,0.145495875,45.89837496218403,Random
8,5000,10,3,5730668.66,0.002798208,1,0.157557042,56.306408244133394,Random
8,5000,11,4,5744523.69,0.002566875,1,0.09680225,37.712101290479666,Random
8,5000,12,6,5821821.89,0.004011,1,0.104096334,25.95271353777113,Random
8,5000,13,4,5785933.87,0.004042709,1,0.125651333,31.080973921199867,Random
8,5000,14,2,5764193.29,0.002967417,1,0.103876125,35.00557050121368,Random
8,5000,15,3,5688610.14000001,0.004659375,1,0.10060775,21.59254191817572,Random
8,5000,16,5,5712866.91,0.004367084,1,0.11305275,25.887468617503117,Random
8,5000,17,6,5749016.03,0.002830916,1,0.119808458,42.32144577938731,Random
8,5000,18,0,5812709.52,0.003114166,1,0.137037958,44.00470559372879,Random
8,5000,19,2,5639249.45,0.003380917,1,0.152397417,45.07576406046052,Random
12,500,0,0,2877306.25,0.003267959,1,0.350410792,107.22618980225884,Cluster
12,500,1,5,2886450.0,0.009431124,1,0.355297166,37.67283369405386,Cluster
12,500,2,3,2849000.0,0.004397666,1,0.186484458,42.40532546127878,Cluster
12,500,3,6,2817368.75,0.002585916,1,0.15613625,60.37947481666071,Cluster
12,500,4,6,2888856.25,0.008992208,1,0.481616167,53.55927787702419,Cluster
12,500,5,3,2829400.0,0.009730333,1,0.361497333,37.15158905661296,Cluster
12,500,6,6,2873631.25,0.008046709,1,0.671206208,83.41375436840079,Cluster
12,500,7,1,2916425.0,0.004664001,1,0.323352833,69.329494783556,Cluster
12,500,8,6,2877787.5,0.007567043,1,0.499033875,65.94833345072838,Cluster
12,500,9,5,2875600.0,0.006119958,1,0.727494542,118.87247298102372,Cluster
12,500,10,3,2847950.0,0.008036958,1,0.32444175,40.36872533115141,Cluster
12,500,11,0,2904212.5,0.007465333,1,0.232587,31.15560953543532,Cluster
12,500,12,0,2841475.0,0.007693292,1,0.387721792,50.39738411072919,Cluster
12,500,13,1,2898350.0,0.008515333,1,0.578571792,67.94470539202636,Cluster
12,500,14,3,2902331.25,0.010689332,1,0.661819292,61.913999116128124,Cluster
12,500,15,5,2777425.0,0.007512375,1,0.480020458,63.89729719296494,Cluster
12,500,16,1,2872581.25,0.00443575,1,0.184129584,41.510361043791924,Cluster
12,500,17,3,2898393.75,0.015206375,1,0.854204417,56.17409915249362,Cluster
12,500,18,5,2869431.25,0.008749792,1,0.317319042,36.265895463572164,Cluster
12,500,19,4,2902550.0,0.00832175,1,0.500025625,60.08659536756092,Cluster
12,1000,0,3,3343073.32,0.01633275,1,1.041839875,63.78839295280954,Cluster
12,1000,1,0,3317642.65,0.012747458,1,0.961732542,75.44504496504322,Cluster
12,1000,2,2,3193394.65,0.017341708,1,0.755844584,43.585359873433454,Cluster
12,1000,3,0,3287619.44,0.010784791,1,0.987970333,91.60774028907932,Cluster
12,1000,4,3,3298248.24,0.009805708,1,0.331026375,33.75853890407505,Cluster
12,1000,5,5,3285870.58,0.012303167,1,0.886750833,72.07500580947979,Cluster
12,1000,6,1,3230944.42,0.015985833,1,0.662927666,41.4696979506792,Cluster
12,1000,7,4,3437576.38,0.014450416,1,4.003483042,277.0496740024647,Cluster
12,1000,8,2,3322406.54,0.016584291,1,2.852015334,171.97089305777374,Cluster
12,1000,9,3,3399856.18,0.015776333,1,2.323797917,147.29645456900533,Cluster
12,1000,10,6,3428036.22,0.013537458,1,1.4214425,105.00069510834308,Cluster
12,1000,11,6,3288054.09,0.014167125,1,1.384552042,97.72992346718195,Cluster
12,1000,12,5,3284348.41,0.011601084,1,0.879733125,75.8319761325752,Cluster
12,1000,13,5,3412286.99,0.017178667,1,0.624109417,36.330491591693345,Cluster
12,1000,14,6,3446855.93,0.012312375,1,1.422924875,115.56867582412005,Cluster
12,1000,15,2,3291336.97,0.013743792,1,0.938783584,68.30600928768422,Cluster
12,1000,16,5,3376254.0,0.012451625,1,0.685133334,55.023608083282305,Cluster
12,1000,17,3,3453232.37,0.011806166,1,2.19035725,185.52655027889662,Cluster
12,1000,18,2,3327454.66,0.011988792,1,1.073754,89.56315198395302,Cluster
12,1000,19,4,3328570.65,0.01374725,1,1.58396775,115.22069868519158,Cluster
12,2500,0,0,4892025.34,0.010701124,1,1.02710975,95.98148287974236,Cluster
12,2500,1,1,4732832.9,0.011023291,1,1.380573333,125.24148487053459,Cluster
12,2500,2,5,4938942.56,0.017352418,1,13.734460042,791.5012214436051,Cluster
12,2500,3,1,4866506.33,0.016952584,1,5.002316875,295.07695552489224,Cluster
12,2500,4,5,4847706.43,0.009474333,1,4.384734584,462.80140079518003,Cluster
12,2500,5,6,4846598.44,0.011388709,1,4.145764709,364.0241144979646,Cluster
12,2500,6,3,4784768.03,0.014133417,1,6.446503834,456.11785416081614,Cluster
12,2500,7,4,4701714.33,0.009787208,1,1.426190542,145.71985616326944,Cluster
12,2500,8,5,4432212.89,0.009430208,1,4.886888208,518.2163752909797,Cluster
12,2500,9,1,4864032.71,0.01037675,1,2.891241375,278.62687016647794,Cluster
12,2500,10,4,4749797.5,0.012552166,1,4.809427167,383.155159595563,Cluster
12,2500,11,6,4994257.94,0.016109918,1,2.751535667,170.79762088174502,Cluster
12,2500,12,5,4871946.66,0.016646542,1,1.038736584,62.39954123805413,Cluster
12,2500,13,2,4979301.13,0.01436175,1,4.348020125,302.7500217591867,Cluster
12,2500,14,3,4875461.99,0.013579666,1,4.397617833,323.8384385153508,Cluster
12,2500,15,6,4730308.03,0.009672125,1,3.468052042,358.5615407162335,Cluster
12,2500,16,6,4854926.88,0.010276001,1,8.024100584,780.8582914696095,Cluster
12,2500,17,4,4738953.05,0.010044708,1,2.011345167,200.23928689614473,Cluster
12,2500,18,1,4809041.18,0.010184083,1,1.715625125,168.46142406734117,Cluster
12,2500,19,2,4918408.53,0.015642292,1,5.174709125,330.815274705267,Cluster
12,5000,0,5,6916093.54,0.0226975,1,73.252419042,3227.33424570988,Cluster
12,5000,1,3,6505477.44,0.029019916,1,76.333392208,2630.3795024079327,Cluster
12,5000,2,1,6586457.56,0.022655375,1,59.515364959,2626.9865300839206,Cluster
12,5000,3,3,6675698.88,0.026065209,1,72.33291275,2775.075110658043,Cluster
12,5000,4,2,6446324.0,0.015497291,1,261.189892333,16853.906423580742,Cluster
12,5000,5,6,6661518.75,0.017815667,1,28.882677334,1621.1953969503359,Cluster
12,5000,6,1,6268404.53,0.016381875,1,75.961726125,4636.937232459654,Cluster
12,5000,7,5,6626646.57,0.015886542,1,93.636930625,5894.1039922344335,Cluster
12,5000,8,0,6844611.93,0.023612292,1,43.114059959,1825.915923748529,Cluster
12,5000,9,6,6578655.52,0.024217625,1,30.870441625,1274.709705225017,Cluster
12,5000,10,2,6711839.28,0.02578,1,68.6788385,2664.0356283941037,Cluster
12,5000,11,6,6674230.23,0.017906958,1,318.139801458,17766.267249747278,Cluster
12,5000,12,2,6733197.95,0.031777084,1,71.076875708,2236.7337326483453,Cluster
12,5000,13,6,6649360.42,0.023608333,1,35.101626333,1486.832057689122,Cluster
12,5000,14,0,6704669.16,0.018197084,1,191.8515015,10542.980485224996,Cluster
12,5000,15,4,6683245.61,0.020932,1,60.698264458,2899.7833201796293,Cluster
12,5000,16,1,6570997.16,0.024238125,1,94.612455833,3903.456056646296,Cluster
12,5000,17,3,6636221.12,0.023383959,1,118.246408708,5056.731783869447,Cluster
12,5000,18,2,6735228.98,0.021246125,1,74.7207745,3516.913060616936,Cluster
12,5000,19,1,6702663.19,0.024816875,1,96.365569083,3883.0662234064525,Cluster
4,500,0,1,962750.0,0.001348333,5,0.069534166,51.57046960951041,Realistic
4,500,1,1,965875.0,0.001618209,5,0.083190084,51.4087389206215,Realistic
4,500,2,6,971325.0,0.001381668,5,0.081255833,58.8099550688009,Realistic
4,500,3,6,963325.0,0.001532792,5,0.049378875,32.21498742164625,Realistic
4,500,4,1,953100.0,0.000875416,5,0.03877025,44.287801456678885,Realistic
4,500,5,6,960450.0,0.001213375,5,0.0762365,62.830122591943955,Realistic
4,500,6,1,965650.0,0.001516916,5,0.077827917,51.3066755179588,Realistic
4,500,7,6,965225.0,0.002754792,5,0.095974875,34.83924557643554,Realistic
4,500,8,1,967275.0,0.001093416,5,0.062276834,56.9562124571069,Realistic
4,500,9,5,968700.0,0.001587749,5,0.109007875,68.65560929340846,Realistic
4,500,10,1,968200.0,0.001577375,5,0.087398083,55.40729566526666,Realistic
4,500,11,1,961700.0,0.001133167,5,0.069655542,61.46979394917077,Realistic
4,500,12,1,973850.0,0.001029501,5,0.064532875,62.6836447949055,Realistic
4,500,13,6,962225.0,0.001104,5,0.08207875,74.34669384057972,Realistic
4,500,14,1,955825.0,0.0006105,5,0.063702708,104.34514004914004,Realistic
4,500,15,4,961700.0,0.001107041,5,0.053685417,48.494515559947644,Realistic
4,500,16,6,969650.0,0.000968,5,0.052297,54.025826446280995,Realistic
4,500,17,5,970525.0,0.001380334,5,0.075995875,55.056149453682956,Realistic
4,500,18,1,966550.0,0.000650876,5,0.045441708,69.8162292049484,Realistic
4,500,19,3,974325.0,0.001921208,5,0.063629875,33.119722070697186,Realistic
4,1000,0,6,1636975.0,0.004546083,5,0.219869,48.36449312518051,Realistic
4,1000,1,2,1631275.0,0.00667575,5,0.125586875,18.812399355877613,Realistic
4,1000,2,4,1663225.0,0.005928875,5,0.225614709,38.05354455946533,Realistic
4,1000,3,2,1623075.0,0.006745125,5,0.252147459,37.38217735030856,Realistic
4,1000,4,6,1665125.0,0.005024458,5,0.289406208,57.599487944769365,Realistic
4,1000,5,6,1640075.0,0.003174209,5,0.097637375,30.759592389789077,Realistic
4,1000,6,6,1642025.0,0.005244375,5,0.226494208,43.18802679060899,Realistic
4,1000,7,6,1642300.0,0.006301999,5,0.169485334,26.893900490939462,Realistic
4,1000,8,4,1670825.0,0.005754417,5,0.148616958,25.826588166968083,Realistic
4,1000,9,6,1627250.0,0.005232834,5,0.213368666,40.77497317896957,Realistic
4,1000,10,4,1653275.0,0.007548501,5,0.255082833,33.792514964229326,Realistic
4,1000,11,6,1651175.0,0.004692791,5,0.244904708,52.18743131752512,Realistic
4,1000,12,5,1632425.0,0.004025166,5,0.250343292,62.19452613879775,Realistic
4,1000,13,6,1685275.0,0.004797167,5,0.165214417,34.43999698155182,Realistic
4,1000,14,6,1620075.0,0.004977917,5,0.215926375,43.37685320988678,Realistic
4,1000,15,6,1628725.0,0.004904416,5,0.137190958,27.97294479098021,Realistic
4,1000,16,5,1624925.0,0.005597876,5,0.12650425,22.598615975059115,Realistic
4,1000,17,4,1627600.0,0.006767542,5,0.238272833,35.20817942467147,Realistic
4,1000,18,1,1651125.0,0.005293416,5,0.203994583,38.53741761463675,Realistic
4,1000,19,5,1630400.0,0.004943583,5,0.169009584,34.18766995517219,Realistic
4,2500,0,1,3411675.0,0.005844834,5,0.141427042,24.196930485964188,Realistic
4,2500,1,6,3509350.0,0.00456775,5,0.209592708,45.8853282250561,Realistic
4,2500,2,5,3425300.0,0.005737126,5,0.132204916,23.043753266008103,Realistic
4,2500,3,2,3413125.0,0.005163958,5,0.22928,44.40005127849607,Realistic
4,2500,4,6,3423675.0,0.004643917,5,0.18071825,38.91504736195759,Realistic
4,2500,5,4,3426425.0,0.006382084,5,0.269409125,42.213346768861086,Realistic
4,2500,6,1,3448775.0,0.00554525,5,0.153756417,27.727589738965783,Realistic
4,2500,7,5,3411675.0,0.0059935,5,0.209062959,34.88161491615917,Realistic
4,2500,8,5,3459925.0,0.007361292,5,0.138944,18.874947495629844,Realistic
4,2500,9,6,3495750.0,0.006246459,5,0.133738792,21.410336960508346,Realistic
4,2500,10,1,3481000.0,0.005843834,5,0.182398667,31.212157463747257,Realistic
4,2500,11,5,3448175.0,0.004492083,5,0.892886375,198.76889518737744,Realistic
4,2500,12,6,3429125.0,0.00505275,5,0.122423375,24.229058433526298,Realistic
4,2500,13,5,3450375.0,0.004542874,5,0.124595,27.426470555863975,Realistic
4,2500,14,6,3396275.0,0.005454625,5,0.123570583,22.654276508467582,Realistic
4,2500,15,6,3400275.0,0.006440417,5,0.625765834,97.16231635311811,Realistic
4,2500,16,4,3475675.0,0.006091625,5,0.286589666,47.04650499661421,Realistic
4,2500,17,1,3380300.0,0.005781917,5,0.152608708,26.394136754297925,Realistic
4,2500,18,6,3475425.0,0.0048375,5,0.16654,34.42687338501292,Realistic
4,2500,19,6,3389975.0,0.004597833,5,0.15058675,32.75167888872867,Realistic
4,5000,0,6,5882750.0,0.004433542,5,1.252733333,282.5581291436959,Realistic
4,5000,1,3,5834400.0,0.00443725,5,0.20840725,46.96766014986759,Realistic
4,5000,2,6,5811500.0,0.005179666,5,0.858481459,165.74069814540164,Realistic
4,5000,3,6,5875500.0,0.005608792,5,2.23436475,398.36826717767394,Realistic
4,5000,4,6,5776825.0,0.00527575,5,2.274474,431.1186087286168,Realistic
4,5000,5,6,5926150.0,0.004776624,5,2.007573167,420.2912280723791,Realistic
4,5000,6,6,5801075.0,0.003779708,5,0.142496667,37.70044326175461,Realistic
4,5000,7,6,5696850.0,0.005255792,5,1.260550208,239.8402006776524,Realistic
4,5000,8,6,5917675.0,0.003959792,5,0.350570875,88.53264893711588,Realistic
4,5000,9,5,5893925.0,0.0057445,5,0.183333375,31.91459221864392,Realistic
4,5000,10,6,5931925.0,0.006835208,5,0.209205083,30.606981235977017,Realistic
4,5000,11,6,5914125.0,0.004372959,5,1.842487,421.3364451850566,Realistic
4,5000,12,4,5841350.0,0.00579925,5,0.407104833,70.19956597835927,Realistic
4,5000,13,6,5862175.0,0.004579666,5,0.196309875,42.86554412483356,Realistic
4,5000,14,5,5918675.0,0.00461175,5,0.976755959,211.79724811622484,Realistic
4,5000,15,6,5846125.0,0.005214417,5,0.243212,46.64222289855223,Realistic
4,5000,16,6,5896350.0,0.004560166,5,1.21125975,265.6174687500411,Realistic
4,5000,17,6,5899675.0,0.003440249,5,0.211859375,61.582570040715076,Realistic
4,5000,18,6,5851875.0,0.004557417,5,0.770098083,168.97687505883266,Realistic
4,5000,19,6,5879850.0,0.004784667,5,0.285860792,59.745180176593266,Realistic
8,500,0,6,2477925.0,0.000592542,5,0.024186875,40.81883647066368,Random
8,500,1,6,2497925.0,0.000655667,5,0.02449375,37.356996768176536,Random
8,500,2,6,2491012.5,0.000698375,5,0.042508042,60.867072847682124,Random
8,500,3,6,2466168.75,0.00046825,5,0.017183209,36.696655632674855,Random
8,500,4,5,2496131.25,0.000744291,5,0.021069125,28.307644456267777,Random
8,500,5,2,2467431.25,0.000674376,5,0.022873916,33.91863886022041,Random
8,500,6,3,2464937.5,0.000988458,5,0.023612333,23.888048859941442,Random
8,500,7,6,2438650.0,0.000532292,5,0.019006459,35.70682820707432,Random
8,500,8,6,2455962.5,0.000762125,5,0.023042417,30.234432671805806,Random
8,500,9,6,2465550.0,0.0008835,5,0.025077917,28.38473910582909,Random
8,500,10,3,2476137.5,0.000683666,5,0.0245855,35.96127348734616,Random
8,500,11,5,2502650.0,0.00100375,5,0.027403583,27.30120348692403,Random
8,500,12,6,2462656.25,0.000501166,5,0.021347083,42.59483484514113,Random
8,500,13,0,2496218.75,0.000448458,5,0.020311958,45.29288807424553,Random
8,500,14,6,2428675.0,0.000442792,5,0.018931,42.7537082874126,Random
8,500,15,5,2438381.25,0.000573708,5,0.03475325,60.57654765141849,Random
8,500,16,6,2501862.5,0.000734792,5,0.040224375,54.74253258064868,Random
8,500,17,6,2497493.75,0.000670501,5,0.034437208,51.36041258700583,Random
8,500,18,3,2450550.0,0.000791375,5,0.02289775,28.934133628178806,Random
8,500,19,6,2482875.0,0.000729542,5,0.030483459,41.784378418240486,Random
8,1000,0,3,2667385.16,0.002372375,5,0.080588709,33.96963338426682,Random
8,1000,1,6,2687997.59,0.0022885,5,0.059728125,26.099246231155778,Random
8,1000,2,4,2660794.33,0.001110875,5,0.044115375,39.71227635872622,Random
8,1000,3,2,2668760.38,0.002723416,5,0.061526417,22.591633815766667,Random
8,1000,4,3,2618125.46,0.001684501,5,0.033860666,20.101303590796324,Random
8,1000,5,6,2650265.39,0.001187792,5,0.040513417,34.108174663577465,Random
8,1000,6,2,2651147.75,0.002070542,5,0.053143333,25.66638735171757,Random
8,1000,7,6,2668708.86,0.001824791,5,0.055045208,30.165212344865793,Random
8,1000,8,6,2652707.79,0.001276,5,0.043737375,34.27693965517241,Random
8,1000,9,6,2638878.12,0.001868541,5,0.048111792,25.748320213471366,Random
8,1000,10,3,2657284.3,0.002005459,5,0.05122425,25.54240700009325,Random
8,1000,11,6,2644706.58,0.001180583,5,0.03917,33.178522814575516,Random
8,1000,12,3,2624090.81,0.001074083,5,0.040686916,37.88060699219706,Random
8,1000,13,5,2662444.14,0.001755125,5,0.047208042,26.89725347197493,Random
8,1000,14,3,2682855.18,0.001385916,5,0.047153625,34.02343648532811,Random
8,1000,15,3,2665486.9,0.002134375,5,0.089070708,41.73151765739385,Random
8,1000,16,6,2665514.94,0.001225708,5,0.041668375,33.99535207406658,Random
8,1000,17,6,2668575.13,0.001739374,5,0.066591833,38.284942168849255,Random
8,1000,18,5,2642117.58,0.001473375,5,0.045652084,30.98470111139391,Random
8,1000,19,4,2672974.87,0.001528959,5,0.040396708,26.421053801965915,Random
8,2500,0,6,3598792.41,0.002740583,5,0.112235375,40.953101949475716,Random
8,2500,1,6,3590290.07,0.003241834,5,0.106217708,32.76469677349303,Random
8,2500,2,0,3673673.19,0.0029975,5,0.122592125,40.898123436196826,Random
8,2500,3,6,3613263.07,0.004565293,5,0.111095042,24.334701409088094,Random
8,2500,4,0,3626574.6,0.003253751,5,0.105757625,32.50329389065113,Random
8,2500,5,6,3639787.26,0.004437667,5,0.095746417,21.575845371002377,Random
8,2500,6,5,3646321.81,0.003929167,5,0.096165959,24.474897351016132,Random
8,2500,7,6,3653952.53,0.004195292,5,0.144002208,34.32471637254332,Random
8,2500,8,4,3608755.05,0.004607875,5,0.164236666,35.6426044543309,Random
8,2500,9,6,3636686.17,0.004119084,5,0.090936666,22.076914673262305,Random
8,2500,10,6,3598615.41,0.003017208,5,0.082213833,27.24831466706969,Random
8,2500,11,6,3654527.91,0.0046395,5,0.122389666,26.3799258540791,Random
8,2500,12,5,3614941.72,0.003511251,5,0.094578708,26.93590062345301,Random
8,2500,13,6,3617968.17,0.003615749,5,0.116426625,32.19986370735358,Random
8,2500,14,3,3650144.67,0.004185041,5,0.115940834,27.70363157732505,Random
8,2500,15,6,3606739.37,0.001931624,5,0.073296208,37.9453806744998,Random
8,2500,16,6,3677924.66,0.004100458,5,0.12280175,29.948300897119296,Random
8,2500,17,5,3587865.3,0.004396834,5,0.141285459,32.133453071005185,Random
8,2500,18,5,3620745.7,0.005302875,5,0.097631041,18.41096405251868,Random
8,2500,19,3,3653498.04,0.003962626,5,0.088830542,22.41708957645763,Random
8,5000,0,5,5767449.9,0.003646042,5,0.094688334,25.97017094153057,Random
8,5000,1,3,5693479.46,0.003486874,5,0.144807667,41.52936613138301,Random
8,5000,2,3,5750476.91,0.004475208,5,0.102006167,22.793614732544278,Random
8,5000,3,4,5683882.69,0.003855041,5,0.169654209,44.00840587687654,Random
8,5000,4,6,5683829.14000001,0.004000291,5,0.128809292,32.199980451422164,Random
8,5000,5,5,5728374.15,0.004927749,5,0.156830791,31.82605100219187,Random
8,5000,6,5,5840954.22,0.003441917,5,0.11074775,32.17618263310824,Random
8,5000,7,3,5757361.48000001,0.0040875,5,0.10188475,24.925932721712538,Random
8,5000,8,6,5714779.78,0.00347075,5,0.113724458,32.76653691565224,Random
8,5000,9,6,5692639.69,0.003973042,5,0.145495875,36.620774459469594,Random
8,5000,10,6,5730668.66,0.003487668,5,0.157557042,45.175470256916654,Random
8,5000,11,6,5744523.69,0.003234125,5,0.09680225,29.931511614424306,Random
8,5000,12,6,5826338.57,0.00366075,5,0.104096334,28.43579430444581,Random
8,5000,13,4,5787234.26,0.003488374,5,0.125651333,36.02002910238409,Random
8,5000,14,6,5764193.29,0.004188709,5,0.103876125,24.799078904741297,Random
8,5000,15,4,5688610.14000001,0.003971001,5,0.10060775,25.335614370280943,Random
8,5000,16,5,5712866.91,0.003264667,5,0.11305275,34.629182700716484,Random
8,5000,17,6,5766125.81000001,0.003216166,5,0.119808458,37.251950925418654,Random
8,5000,18,0,5812709.52,0.002603625,5,0.137037958,52.633523644918135,Random
8,5000,19,5,5668004.38,0.004737459,5,0.152397417,32.168598609507754,Random
12,500,0,6,2907931.25,0.006245917,5,0.350410792,56.10237728103015,Cluster
12,500,1,4,2886450.0,0.010986874,5,0.355297166,32.338330811839654,Cluster
12,500,2,6,2935100.0,0.006294292,5,0.186484458,29.62755112092035,Cluster
12,500,3,6,2888593.75,0.0036125,5,0.15613625,43.221107266435986,Cluster
12,500,4,0,2897256.25,0.01342375,5,0.481616167,35.87791541111835,Cluster
12,500,5,5,2837931.25,0.01079125,5,0.361497333,33.49911576508745,Cluster
12,500,6,6,2873631.25,0.013044499,5,0.671206208,51.45511590747947,Cluster
12,500,7,6,2916425.0,0.007491709,5,0.323352833,43.16142458282883,Cluster
12,500,8,6,2918912.5,0.013362667,5,0.499033875,37.345379855683,Cluster
12,500,9,2,2920575.0,0.01056575,5,0.727494542,68.85403705368762,Cluster
12,500,10,3,2847950.0,0.0086735,5,0.32444175,37.406093272611976,Cluster
12,500,11,6,2904212.5,0.009073124,5,0.232587,25.634720742271348,Cluster
12,500,12,5,2879231.25,0.008691916,5,0.387721792,44.60717199752046,Cluster
12,500,13,5,2920006.25,0.012474125,5,0.578571792,46.38175358993115,Cluster
12,500,14,2,2902331.25,0.018923791,5,0.661819292,34.97287049936242,Cluster
12,500,15,6,2836400.0,0.00773425,5,0.480020458,62.06425419400718,Cluster
12,500,16,5,2897081.25,0.007896959,5,0.184129584,23.316517662051936,Cluster
12,500,17,5,2898393.75,0.016314833,5,0.854204417,52.35753360147787,Cluster
12,500,18,2,2869431.25,0.010028166,5,0.317319042,31.642779148251037,Cluster
12,500,19,3,2902550.0,0.011887125,5,0.500025625,42.06447101380696,Cluster
12,1000,0,6,3416066.92,0.018635083,5,1.041839875,55.90744484475867,Cluster
12,1000,1,3,3351078.01,0.021158917,5,0.961732542,45.452824546738384,Cluster
12,1000,2,6,3360007.42,0.022279334,5,0.755844584,33.92581591532314,Cluster
12,1000,3,3,3372845.84,0.019787293,5,0.987970333,49.92953472716051,Cluster
12,1000,4,5,3465467.6,0.015017458,5,0.331026375,22.042770154576093,Cluster
12,1000,5,3,3404782.78,0.017927126,5,0.886750833,49.46419370288355,Cluster
12,1000,6,6,3321884.58,0.019438958,5,0.662927666,34.103045338129746,Cluster
12,1000,7,3,3437576.38,0.021372541,5,4.003483042,187.31900161052448,Cluster
12,1000,8,3,3440342.5,0.029442416,5,2.852015334,96.86757139767334,Cluster
12,1000,9,5,3409060.2,0.022974334,5,2.323797917,101.14756392938311,Cluster
12,1000,10,5,3428036.22,0.022008417,5,1.4214425,64.58631259122362,Cluster
12,1000,11,6,3399800.95,0.022879833,5,1.384552042,60.514079888607576,Cluster
12,1000,12,3,3429348.65,0.019964,5,0.879733125,44.065975005009015,Cluster
12,1000,13,6,3419797.99,0.020494791,5,0.624109417,30.452099609115315,Cluster
12,1000,14,6,3447487.61,0.02337475,5,1.422924875,60.8744425074065,Cluster
12,1000,15,4,3416268.66,0.01984,5,0.938783584,47.317720967741934,Cluster
12,1000,16,6,3448457.25,0.017238916,5,0.685133334,39.74341159270107,Cluster
12,1000,17,6,3453232.37,0.017930626,5,2.19035725,122.157321780065,Cluster
12,1000,18,4,3377078.74,0.01786,5,1.073754,60.12060470324748,Cluster
12,1000,19,4,3366754.88,0.022152541,5,1.58396775,71.50275672664368,Cluster
12,2500,0,0,5021029.58,0.015287917,5,1.02710975,67.18441433191977,Cluster
12,2500,1,3,4886020.34,0.015407,5,1.380573333,89.60688862205491,Cluster
12,2500,2,6,4982100.43,0.0199405,5,13.734460042,688.7720990948071,Cluster
12,2500,3,4,4899655.97,0.023008376,5,5.002316875,217.41286195079564,Cluster
12,2500,4,3,4847706.43,0.014666292,5,4.384734584,298.9668134249612,Cluster
12,2500,5,5,4885873.64,0.016912459,5,4.145764709,245.13080617076437,Cluster
12,2500,6,6,4799786.27,0.026329167,5,6.446503834,244.84268089453798,Cluster
12,2500,7,2,4928738.33,0.018056918,5,1.426190542,78.98305469405133,Cluster
12,2500,8,5,4704990.57,0.016958708,5,4.886888208,288.16394550811304,Cluster
12,2500,9,3,4910411.98,0.017616542,5,2.891241375,164.12082320128434,Cluster
12,2500,10,3,4797241.21,0.017250541,5,4.809427167,278.79862822852914,Cluster
12,2500,11,5,4994257.94,0.016975917,5,2.751535667,162.0846559864778,Cluster
12,2500,12,6,4918086.13,0.01793075,5,1.038736584,57.93045935055701,Cluster
12,2500,13,6,5033409.01,0.017217792,5,4.348020125,252.53064533477928,Cluster
12,2500,14,6,5003286.12,0.019587042,5,4.397617833,224.51668980951797,Cluster
12,2500,15,6,4841837.02,0.016676625,5,3.468052042,207.9588670969096,Cluster
12,2500,16,6,4864592.76,0.017936666,5,8.024100584,447.35741770516324,Cluster
12,2500,17,3,4738953.05,0.015967708,5,2.011345167,125.96329836442399,Cluster
12,2500,18,4,4832199.02,0.018418291,5,1.715625125,93.14789982414764,Cluster
12,2500,19,4,4918408.53,0.016661792,5,5.174709125,310.5733840033532,Cluster
12,5000,0,2,6965443.89,0.03568375,5,73.252419042,2052.8228967527234,Cluster
12,5000,1,6,6771635.78,0.035630667,5,76.333392208,2142.350919448126,Cluster
12,5000,2,5,6667414.15,0.02975825,5,59.515364959,1999.9618579385549,Cluster
12,5000,3,3,6823560.32,0.029957417,5,72.33291275,2414.5243480103777,Cluster
12,5000,4,6,6641087.41,0.032699708,5,261.189892333,7987.529807085739,Cluster
12,5000,5,6,6768566.06,0.032481334,5,28.882677334,889.2084707481533,Cluster
12,5000,6,2,6411321.71,0.023887375,5,75.961726125,3179.994709548454,Cluster
12,5000,7,6,6626646.57,0.025344208,5,93.636930625,3694.6086705491057,Cluster
12,5000,8,6,6928800.82,0.025678208,5,43.114059959,1679.0135806595226,Cluster
12,5000,9,4,6706028.08,0.029042083,5,30.870441625,1062.9554920354715,Cluster
12,5000,10,3,6980082.1,0.028005458,5,68.6788385,2452.3376300434006,Cluster
12,5000,11,6,6712703.66,0.0350955,5,318.139801458,9064.974183527804,Cluster
12,5000,12,5,6733197.95,0.045647417,5,71.076875708,1557.0842860177609,Cluster
12,5000,13,4,6649360.42,0.028679292,5,35.101626333,1223.936292883381,Cluster
12,5000,14,6,6741939.82,0.029567042,5,191.8515015,6488.69445580657,Cluster
12,5000,15,2,6823216.77,0.029685001,5,60.698264458,2044.7452387823737,Cluster
12,5000,16,0,6980823.21,0.039198834,5,94.612455833,2413.6548508815335,Cluster
12,5000,17,2,6858499.52,0.036898626,5,118.246408708,3204.6290479217305,Cluster
12,5000,18,4,6738620.34,0.030813167,5,74.7207745,2424.962500608912,Cluster
12,5000,19,6,6792790.83,0.035978374,5,96.365569083,2678.4303560522217,Cluster
4,500,0,1,962750.0,0.001956168,10,0.069534166,35.546111581418366,Realistic
4,500,1,1,965875.0,0.002811417,10,0.083190084,29.59009069092205,Realistic
4,500,2,5,971325.0,0.002163707,10,0.081255833,37.553990905422964,Realistic
4,500,3,6,963325.0,0.002569292,10,0.049378875,19.218864574365234,Realistic
4,500,4,1,953100.0,0.000849416,10,0.03877025,45.64341853697128,Realistic
4,500,5,6,960450.0,0.001519917,10,0.0762365,50.15833101412775,Realistic
4,500,6,1,965650.0,0.001914916,10,0.077827917,40.642992695240935,Realistic
4,500,7,6,965225.0,0.002871875,10,0.095974875,33.41889009793254,Realistic
4,500,8,1,967275.0,0.000906667,10,0.062276834,68.68765930600762,Realistic
4,500,9,6,968700.0,0.002229583,10,0.109007875,48.89159766646947,Realistic
4,500,10,6,968200.0,0.003559792,10,0.087398083,24.55145778180298,Realistic
4,500,11,1,961700.0,0.001068542,10,0.069655542,65.18746291675947,Realistic
4,500,12,6,973850.0,0.001736583,10,0.064532875,37.160835387654956,Realistic
4,500,13,6,962225.0,0.001283958,10,0.08207875,63.92635117348076,Realistic
4,500,14,1,955825.0,0.000631167,10,0.063702708,100.92845158254471,Realistic
4,500,15,6,961700.0,0.001971916,10,0.053685417,27.225001977771868,Realistic
4,500,16,5,969650.0,0.0013975,10,0.052297,37.421824686940965,Realistic
4,500,17,6,970525.0,0.001891667,10,0.075995875,40.17402375788128,Realistic
4,500,18,1,966550.0,0.000561209,10,0.045441708,80.97109632953142,Realistic
4,500,19,6,974325.0,0.002135709,10,0.063629875,29.79332624435258,Realistic
4,1000,0,6,1636975.0,0.007161125,10,0.219869,30.703136727818606,Realistic
4,1000,1,6,1631275.0,0.007434959,10,0.125586875,16.891401149623018,Realistic
4,1000,2,5,1663225.0,0.007199583,10,0.225614709,31.33719119565675,Realistic
4,1000,3,6,1623075.0,0.008493542,10,0.252147459,29.68696204716478,Realistic
4,1000,4,4,1665125.0,0.007559625,10,0.289406208,38.28314340989136,Realistic
4,1000,5,4,1640075.0,0.006573041,10,0.097637375,14.854216640364786,Realistic
4,1000,6,6,1642025.0,0.008720833,10,0.226494208,25.971625416975648,Realistic
4,1000,7,5,1642300.0,0.008053541,10,0.169485334,21.04482165050131,Realistic
4,1000,8,6,1670825.0,0.011683958,10,0.148616958,12.719744285284147,Realistic
4,1000,9,4,1627250.0,0.007601333,10,0.213368666,28.069901160756938,Realistic
4,1000,10,2,1653275.0,0.012505792,10,0.255082833,20.39717540480443,Realistic
4,1000,11,6,1651175.0,0.0101295,10,0.244904708,24.177373809171232,Realistic
4,1000,12,6,1632425.0,0.008177458,10,0.250343292,30.613827915716595,Realistic
4,1000,13,6,1685275.0,0.011501041,10,0.165214417,14.365170683245108,Realistic
4,1000,14,6,1635325.0,0.009583541,10,0.215926375,22.53095958998871,Realistic
4,1000,15,5,1628725.0,0.008098625,10,0.137190958,16.94003093117659,Realistic
4,1000,16,5,1624925.0,0.00894025,10,0.12650425,14.149967842062583,Realistic
4,1000,17,4,1627600.0,0.009391916,10,0.238272833,25.369991916452403,Realistic
4,1000,18,4,1651125.0,0.009533292,10,0.203994583,21.398125956909745,Realistic
4,1000,19,5,1630400.0,0.007323292,10,0.169009584,23.078362026258134,Realistic
4,2500,0,6,3411675.0,0.00821175,10,0.141427042,17.22252163059031,Realistic
4,2500,1,6,3509350.0,0.009801874,10,0.209592708,21.382922082042676,Realistic
4,2500,2,6,3425300.0,0.006798083,10,0.132204916,19.447381857503064,Realistic
4,2500,3,6,3413125.0,0.007469084,10,0.22928,30.697204637141585,Realistic
4,2500,4,4,3423675.0,0.008888625,10,0.18071825,20.33140671363681,Realistic
4,2500,5,6,3426425.0,0.007024958,10,0.269409125,38.35028266361166,Realistic
4,2500,6,6,3448775.0,0.008253708,10,0.153756417,18.628768669790595,Realistic
4,2500,7,6,3411675.0,0.00843675,10,0.209062959,24.780034847542005,Realistic
4,2500,8,5,3463200.0,0.011018417,10,0.138944,12.61015988049826,Realistic
4,2500,9,5,3495750.0,0.009601375,10,0.133738792,13.929129109111974,Realistic
4,2500,10,6,3481000.0,0.008893291,10,0.182398667,20.509692868478048,Realistic
4,2500,11,2,3448175.0,0.010121126,10,0.892886375,88.22006316293268,Realistic
4,2500,12,6,3429125.0,0.010858208,10,0.122423375,11.274731060594899,Realistic
4,2500,13,6,3450375.0,0.008526459,10,0.124595,14.61274838710888,Realistic
4,2500,14,6,3419325.0,0.007407583,10,0.123570583,16.68163326688341,Realistic
4,2500,15,6,3400275.0,0.007157458,10,0.625765834,87.42850240965437,Realistic
4,2500,16,6,3482525.0,0.008891584,10,0.286589666,32.231564814548236,Realistic
4,2500,17,5,3380300.0,0.01021,10,0.152608708,14.946984133202744,Realistic
4,2500,18,6,3475425.0,0.007310125,10,0.16654,22.78210016928575,Realistic
4,2500,19,6,3392450.0,0.007360334,10,0.15058675,20.45922780134706,Realistic
4,5000,0,6,5882750.0,0.005913542,10,1.252733333,211.84145356539278,Realistic
4,5000,1,3,5883225.0,0.007749709,10,0.20840725,26.892267825798363,Realistic
4,5000,2,4,5811500.0,0.008769583,10,0.858481459,97.89307644388565,Realistic
4,5000,3,4,5875500.0,0.009686458,10,2.23436475,230.66891427186286,Realistic
4,5000,4,6,5776825.0,0.008268999,10,2.274474,275.0603791341612,Realistic
4,5000,5,6,5926150.0,0.006164375,10,2.007573167,325.6734327486566,Realistic
4,5000,6,5,5801075.0,0.005932457,10,0.142496667,24.019839840389906,Realistic
4,5000,7,4,5696850.0,0.007856416,10,1.260550208,160.44850578177122,Realistic
4,5000,8,6,5917675.0,0.007662208,10,0.350570875,45.75324436507075,Realistic
4,5000,9,6,5893925.0,0.010063916,10,0.183333375,18.216902346959177,Realistic
4,5000,10,2,5958850.0,0.008480791,10,0.209205083,24.668109731745542,Realistic
4,5000,11,6,5914125.0,0.006261833,10,1.842487,294.2408397030071,Realistic
4,5000,12,6,5841350.0,0.011091208,10,0.407104833,36.70518423241184,Realistic
4,5000,13,5,5862175.0,0.008065666,10,0.196309875,24.338954154560824,Realistic
4,5000,14,5,5918675.0,0.00980875,10,0.976755959,99.5800646361667,Realistic
4,5000,15,5,5846125.0,0.012477959,10,0.243212,19.491328670017268,Realistic
4,5000,16,5,5896350.0,0.008243791,10,1.21125975,146.92994400270456,Realistic
4,5000,17,5,5956875.0,0.005093333,10,0.211859375,41.595429751009796,Realistic
4,5000,18,6,5851875.0,0.005793291,10,0.770098083,132.9292940748186,Realistic
4,5000,19,5,5879850.0,0.005726167,10,0.285860792,49.92183986251187,Realistic
8,500,0,6,2477925.0,0.000622166,10,0.024186875,38.87527605172896,Random
8,500,1,0,2497925.0,0.000949959,10,0.02449375,25.784007520324565,Random
8,500,2,6,2491012.5,0.001392125,10,0.042508042,30.53464451827243,Random
8,500,3,5,2466168.75,0.000683541,10,0.017183209,25.13851985469782,Random
8,500,4,6,2496131.25,0.001223166,10,0.021069125,17.22507411095469,Random
8,500,5,5,2467431.25,0.00104975,10,0.022873916,21.78986996904025,Random
8,500,6,6,2464937.5,0.001360999,10,0.023612333,17.349265502766716,Random
8,500,7,1,2438650.0,0.000839543,10,0.019006459,22.639053627985703,Random
8,500,8,5,2455962.5,0.001006125,10,0.023042417,22.90214138402286,Random
8,500,9,5,2465550.0,0.001069792,10,0.025077917,23.441862530286265,Random
8,500,10,6,2476137.5,0.001258292,10,0.0245855,19.538787499245007,Random
8,500,11,1,2502650.0,0.001018917,10,0.027403583,26.894813807209026,Random
8,500,12,1,2462656.25,0.000547709,10,0.021347083,38.975227721289954,Random
8,500,13,0,2496218.75,0.000371458,10,0.020311958,54.681708295419675,Random
8,500,14,4,2428675.0,0.000613833,10,0.018931,30.840635808110672,Random
8,500,15,1,2438381.25,0.000815834,10,0.03475325,42.59843301455933,Random
8,500,16,1,2501862.5,0.000780208,10,0.040224375,51.55596328158645,Random
8,500,17,4,2497493.75,0.001039,10,0.034437208,33.1445697786333,Random
8,500,18,1,2450550.0,0.000870375,10,0.02289775,26.30791325578056,Random
8,500,19,3,2482875.0,0.001802541,10,0.030483459,16.91138176607356,Random
8,1000,0,3,2667385.16,0.004265583,10,0.080588709,18.89277714206944,Random
8,1000,1,4,2687997.59,0.004657792,10,0.059728125,12.823270124556872,Random
8,1000,2,6,2660794.33,0.002685166,10,0.044115375,16.429291522386325,Random
8,1000,3,6,2668760.38,0.004431375,10,0.061526417,13.884272263123746,Random
8,1000,4,6,2618125.46,0.001491667,10,0.033860666,22.699882748629552,Random
8,1000,5,5,2650265.39,0.001656709,10,0.040513417,24.45415398841921,Random
8,1000,6,6,2651147.75,0.002348666,10,0.053143333,22.627028704805195,Random
8,1000,7,6,2668708.86,0.002952376,10,0.055045208,18.644375919598318,Random
8,1000,8,5,2652707.79,0.001828959,10,0.043737375,23.913808346715264,Random
8,1000,9,6,2638878.12,0.003524084,10,0.048111792,13.652282976228717,Random
8,1000,10,6,2657284.3,0.002776541,10,0.05122425,18.448944207919133,Random
8,1000,11,6,2644706.58,0.001257542,10,0.03917,31.148065034806,Random
8,1000,12,6,2624090.81,0.001966291,10,0.040686916,20.692214936649766,Random
8,1000,13,5,2662444.14,0.003287876,10,0.047208042,14.35821849729126,Random
8,1000,14,6,2682855.18,0.002413334,10,0.047153625,19.5387894920471,Random
8,1000,15,3,2665486.9,0.0044135,10,0.089070708,20.181422453834823,Random
8,1000,16,5,2670063.73,0.00225925,10,0.041668375,18.443454686289698,Random
8,1000,17,6,2668575.13,0.002318875,10,0.066591833,28.717301708802758,Random
8,1000,18,5,2642117.58,0.002282084,10,0.045652084,20.004558990817166,Random
8,1000,19,6,2672974.87,0.001706417,10,0.040396708,23.673409254596034,Random
8,2500,0,6,3598792.41,0.004481292,10,0.112235375,25.045316172211052,Random
8,2500,1,5,3590290.07,0.004907166,10,0.106217708,21.64542793131514,Random
8,2500,2,5,3673673.19,0.008482625,10,0.122592125,14.452144825452026,Random
8,2500,3,6,3613263.07,0.005388666,10,0.111095042,20.616427516569036,Random
8,2500,4,5,3626574.6,0.005891793,10,0.105757625,17.949989926665786,Random
8,2500,5,6,3639787.26,0.006864958,10,0.095746417,13.947123492962374,Random
8,2500,6,6,3646321.81,0.006469501,10,0.096165959,14.864509488444316,Random
8,2500,7,6,3653952.53,0.005530542,10,0.144002208,26.03763030820487,Random
8,2500,8,5,3608755.05,0.00860525,10,0.164236666,19.085635629412277,Random
8,2500,9,3,3636686.17,0.005259666,10,0.090936666,17.289437390130857,Random
8,2500,10,6,3598615.41,0.004255875,10,0.082213833,19.3177273768614,Random
8,2500,11,6,3654527.91,0.005165292,10,0.122389666,23.69462675101427,Random
8,2500,12,6,3614941.72,0.005043583,10,0.094578708,18.75228542883105,Random
8,2500,13,6,3617968.17,0.005354082,10,0.116426625,21.74539444857214,Random
8,2500,14,6,3650144.67,0.004964999,10,0.115940834,23.351632900630996,Random
8,2500,15,6,3606739.37,0.003195583,10,0.073296208,22.936724848016777,Random
8,2500,16,6,3677924.66,0.006637042,10,0.12280175,18.50248197917084,Random
8,2500,17,4,3596201.69,0.0087,10,0.141285459,16.239707931034484,Random
8,2500,18,6,3620745.7,0.0099405,10,0.097631041,9.821542276545445,Random
8,2500,19,5,3653498.04,0.008762917,10,0.088830542,10.13709727023547,Random
8,5000,0,5,5767449.9,0.006625625,10,0.094688334,14.291230487689841,Random
8,5000,1,6,5693479.46,0.007711584,10,0.144807667,18.77794069285895,Random
8,5000,2,5,5752495.78,0.008040749,10,0.102006167,12.686152372123543,Random
8,5000,3,5,5683882.69,0.00753575,10,0.169654209,22.513248050957106,Random
8,5000,4,3,5683829.14000001,0.00862625,10,0.128809292,14.93224657296044,Random
8,5000,5,5,5728374.15,0.005251666,10,0.156830791,29.86305507623676,Random
8,5000,6,5,5840954.22,0.008358625,10,0.11074775,13.249517713738804,Random
8,5000,7,5,5757361.48000001,0.006753543,10,0.10188475,15.086118501059369,Random
8,5000,8,6,5714779.78,0.00680375,10,0.113724458,16.714967187212935,Random
8,5000,9,3,5692639.69,0.008126626,10,0.145495875,17.903601691526102,Random
8,5000,10,6,5730668.66,0.008719833,10,0.157557042,18.0688141619226,Random
8,5000,11,5,5744523.69,0.006326791,10,0.09680225,15.30037107279188,Random
8,5000,12,6,5826338.57,0.006106083,10,0.104096334,17.04797232530249,Random
8,5000,13,6,5787234.26,0.005234542,10,0.125651333,24.00426493855623,Random
8,5000,14,5,5764193.29,0.007925875,10,0.103876125,13.105950447111516,Random
8,5000,15,5,5688610.14000001,0.00547,10,0.10060775,18.392641681901278,Random
8,5000,16,5,5712866.91,0.006982417,10,0.11305275,16.191062493116636,Random
8,5000,17,5,5766125.81000001,0.006810249,10,0.119808458,17.59237555043876,Random
8,5000,18,0,5812709.52,0.003096916,10,0.137037958,44.24981433141874,Random
8,5000,19,5,5668004.38,0.007770375,10,0.152397417,19.612620626417645,Random
12,500,0,6,2907931.25,0.010043124,10,0.350410792,34.890616903664636,Cluster
12,500,1,5,2886450.0,0.017201834,10,0.355297166,20.654609618951095,Cluster
12,500,2,6,2935100.0,0.009648875,10,0.186484458,19.327067456050575,Cluster
12,500,3,5,2888593.75,0.006203792,10,0.15613625,25.16787313307732,Cluster
12,500,4,4,2907756.25,0.022714125,10,0.481616167,21.203377501884837,Cluster
12,500,5,5,2837931.25,0.021329958,10,0.361497333,16.947868955016226,Cluster
12,500,6,3,2873631.25,0.024529207,10,0.671206208,27.363551051609615,Cluster
12,500,7,6,2916425.0,0.012011208,10,0.323352833,26.920925272462185,Cluster
12,500,8,6,2918912.5,0.023538582,10,0.499033875,21.20067704163318,Cluster
12,500,9,6,2925825.0,0.018505666,10,0.727494542,39.311989203739,Cluster
12,500,10,6,2859325.0,0.017009,10,0.32444175,19.074710447410194,Cluster
12,500,11,0,2904212.5,0.011471458,10,0.232587,20.275277998664162,Cluster
12,500,12,6,2879231.25,0.018006709,10,0.387721792,21.532074073057995,Cluster
12,500,13,6,2920006.25,0.021264833,10,0.578571792,27.20791609320421,Cluster
12,500,14,6,2902331.25,0.027703417,10,0.661819292,23.889446272999464,Cluster
12,500,15,3,2853025.0,0.015948083,10,0.480020458,30.098944054906163,Cluster
12,500,16,6,2897081.25,0.009142042,10,0.184129584,20.14096894326235,Cluster
12,500,17,6,2898393.75,0.029699459,10,0.854204417,28.761615388347646,Cluster
12,500,18,4,2869431.25,0.020504708,10,0.317319042,15.475423595400628,Cluster
12,500,19,3,2902550.0,0.017755166,10,0.500025625,28.162261338474675,Cluster
12,1000,0,6,3450724.2,0.028421375,10,1.041839875,36.65691315075362,Cluster
12,1000,1,3,3366422.08,0.035282667,10,0.961732542,27.257932117206447,Cluster
12,1000,2,6,3377840.9,0.03508025,10,0.755844584,21.546157282231455,Cluster
12,1000,3,6,3433300.08,0.03215,10,0.987970333,30.730025909797824,Cluster
12,1000,4,6,3465467.6,0.026498625,10,0.331026375,12.492209501436394,Cluster
12,1000,5,3,3423327.88,0.031058667,10,0.886750833,28.550833588576097,Cluster
12,1000,6,6,3404931.53,0.03453475,10,0.662927666,19.195959605904196,Cluster
12,1000,7,6,3437576.38,0.033064,10,4.003483042,121.08284061214613,Cluster
12,1000,8,6,3440342.5,0.049405458,10,2.852015334,57.72672594189897,Cluster
12,1000,9,6,3409060.2,0.029271875,10,2.323797917,79.38671222803458,Cluster
12,1000,10,6,3452703.73,0.034202083,10,1.4214425,41.56011492048598,Cluster
12,1000,11,6,3399800.95,0.031845167,10,1.384552042,43.47761913134259,Cluster
12,1000,12,6,3429348.65,0.030337125,10,0.879733125,28.998566113301774,Cluster
12,1000,13,6,3419797.99,0.032490792,10,0.624109417,19.208808975786127,Cluster
12,1000,14,6,3474949.45,0.038864749,10,1.422924875,36.61222345730318,Cluster
12,1000,15,6,3436419.77,0.032618584,10,0.938783584,28.78063572594077,Cluster
12,1000,16,5,3456888.33,0.03828075,10,0.685133334,17.897594326129973,Cluster
12,1000,17,6,3460585.45,0.032321709,10,2.19035725,67.76737114983617,Cluster
12,1000,18,6,3427890.13,0.026784042,10,1.073754,40.08931885635484,Cluster
12,1000,19,6,3377255.56,0.044541708,10,1.58396775,35.56145062959867,Cluster
12,2500,0,0,5021029.58,0.029636084,10,1.02710975,34.65740446679797,Cluster
12,2500,1,6,4886020.34,0.024810834,10,1.380573333,55.643971218379846,Cluster
12,2500,2,6,5009260.9,0.03340575,10,13.734460042,411.1405983101712,Cluster
12,2500,3,6,4962319.53,0.024125209,10,5.002316875,207.34812597892932,Cluster
12,2500,4,6,4847706.43,0.022379916,10,4.384734584,195.92274537580928,Cluster
12,2500,5,5,4964598.77,0.029914709,10,4.145764709,138.58616204489903,Cluster
12,2500,6,6,4799786.27,0.033723833,10,6.446503834,191.1557275829233,Cluster
12,2500,7,6,4928738.33,0.034884583,10,1.426190542,40.883118539785904,Cluster
12,2500,8,5,4735086.51,0.029216833,10,4.886888208,167.26276280526366,Cluster
12,2500,9,4,5064782.28,0.025322917,10,2.891241375,114.17489442468259,Cluster
12,2500,10,6,4813103.37,0.024978417,10,4.809427167,192.54331317312864,Cluster
12,2500,11,6,4994257.94,0.027362458,10,2.751535667,100.55878996689553,Cluster
12,2500,12,6,4956217.84,0.025709292,10,1.038736584,40.40315789326287,Cluster
12,2500,13,6,5033409.01,0.030741709,10,4.348020125,141.4371635942556,Cluster
12,2500,14,6,5110405.16,0.028030709,10,4.397617833,156.88571534169898,Cluster
12,2500,15,6,5074085.82,0.031661334,10,3.468052042,109.5358787472442,Cluster
12,2500,16,3,4884929.56,0.039465375,10,8.024100584,203.32001365754158,Cluster
12,2500,17,5,4838460.01,0.024138501,10,2.011345167,83.32518937277837,Cluster
12,2500,18,6,4920402.52,0.029603542,10,1.715625125,57.953373451055285,Cluster
12,2500,19,6,4918408.53,0.025846124,10,5.174709125,200.21219139086384,Cluster
12,5000,0,6,6965443.89,0.059143458,10,73.252419042,1238.554888724971,Cluster
12,5000,1,6,6771635.78,0.050399625,10,76.333392208,1514.5627017661343,Cluster
12,5000,2,6,6667414.15,0.040321249,10,59.515364959,1476.0297965720258,Cluster
12,5000,3,6,6823560.32,0.050596125,10,72.33291275,1429.6136858306838,Cluster
12,5000,4,6,6798218.83,0.052347208,10,261.189892333,4989.566823372891,Cluster
12,5000,5,6,6768566.06,0.050243542,10,28.882677334,574.8535271259339,Cluster
12,5000,6,5,6497608.33,0.040994667,10,75.961726125,1852.966048608225,Cluster
12,5000,7,6,6703922.76,0.047910626,10,93.636930625,1954.4084150559838,Cluster
12,5000,8,6,6989842.81,0.047159375,10,43.114059959,914.2203423815519,Cluster
12,5000,9,6,6706028.08,0.043464292,10,30.870441625,710.2483488054976,Cluster
12,5000,10,6,6980082.1,0.048519958,10,68.6788385,1415.4760500823186,Cluster
12,5000,11,6,6712703.66,0.0448795,10,318.139801458,7088.755477623414,Cluster
12,5000,12,4,6733197.95,0.075142542,10,71.076875708,945.8939479050363,Cluster
12,5000,13,6,6664460.05,0.052618209,10,35.101626333,667.1003631651545,Cluster
12,5000,14,6,6743102.77,0.045198,10,191.8515015,4244.690063719634,Cluster
12,5000,15,6,6823216.77,0.046182541,10,60.698264458,1314.3119270548582,Cluster
12,5000,16,6,6980823.21,0.054372376,10,94.612455833,1740.0831597464123,Cluster
12,5000,17,6,6858499.52,0.06082975,10,118.246408708,1943.8910846748506,Cluster
12,5000,18,6,6738620.34,0.044625251,10,74.7207745,1674.40569690017,Cluster
12,5000,19,6,6792790.83,0.04122725,10,96.365569083,2337.424132897537,Cluster
4,500,0,5,962750.0,0.005069167,20,0.069534166,13.717079354458038,Realistic
4,500,1,5,965875.0,0.004698709,20,0.083190084,17.70488106413911,Realistic
4,500,2,6,971325.0,0.005302292,20,0.081255833,15.32466205180703,Realistic
4,500,3,6,963325.0,0.004296,20,0.049378875,11.494151536312849,Realistic
4,500,4,1,953100.0,0.001093125,20,0.03877025,35.467352773013154,Realistic
4,500,5,5,960450.0,0.005781291,20,0.0762365,13.186760534973935,Realistic
4,500,6,1,965650.0,0.00289475,20,0.077827917,26.885885482338715,Realistic
4,500,7,6,965225.0,0.003864291,20,0.095974875,24.83634772847076,Realistic
4,500,8,1,967275.0,0.001441792,20,0.062276834,43.1940487948331,Realistic
4,500,9,6,968700.0,0.002818499,20,0.109007875,38.67586080392436,Realistic
4,500,10,1,968200.0,0.003110917,20,0.087398083,28.093993828829248,Realistic
4,500,11,1,961700.0,0.00303075,20,0.069655542,22.982938876515714,Realistic
4,500,12,1,973850.0,0.003007459,20,0.064532875,21.45760756838248,Realistic
4,500,13,5,962225.0,0.006852041,20,0.08207875,11.978730133109245,Realistic
4,500,14,1,955825.0,0.001795417,20,0.063702708,35.480731217316084,Realistic
4,500,15,6,961700.0,0.002028417,20,0.053685417,26.46665700395925,Realistic
4,500,16,5,969650.0,0.001901249,20,0.052297,27.506654835847385,Realistic
4,500,17,6,970525.0,0.0049315,20,0.075995875,15.410296055966745,Realistic
4,500,18,1,966550.0,0.000554792,20,0.045441708,81.90764827178474,Realistic
4,500,19,6,974325.0,0.005453167,20,0.063629875,11.668425889029256,Realistic
4,1000,0,6,1636975.0,0.027480126,20,0.219869,8.001018627061608,Realistic
4,1000,1,6,1631275.0,0.023647957,20,0.125586875,5.310686035161514,Realistic
4,1000,2,6,1663225.0,0.015836126,20,0.225614709,14.246837199956607,Realistic
4,1000,3,5,1623075.0,0.027647,20,0.252147459,9.120246645205627,Realistic
4,1000,4,6,1665125.0,0.014869208,20,0.289406208,19.463458174772995,Realistic
4,1000,5,5,1640075.0,0.0094875,20,0.097637375,10.291159420289855,Realistic
4,1000,6,6,1642025.0,0.019144292,20,0.226494208,11.830900197301629,Realistic
4,1000,7,5,1642300.0,0.02259075,20,0.169485334,7.50242174341268,Realistic
4,1000,8,6,1670825.0,0.009011917,20,0.148616958,16.49115920619331,Realistic
4,1000,9,4,1627250.0,0.023693291,20,0.213368666,9.005446562910995,Realistic
4,1000,10,6,1653275.0,0.018763126,20,0.255082833,13.594900604515473,Realistic
4,1000,11,4,1651175.0,0.02379575,20,0.244904708,10.291951630017964,Realistic
4,1000,12,6,1632425.0,0.010910625,20,0.250343292,22.94490847224609,Realistic
4,1000,13,6,1685275.0,0.018935542,20,0.165214417,8.725095748513564,Realistic
4,1000,14,6,1635325.0,0.027474875,20,0.215926375,7.859048494306162,Realistic
4,1000,15,5,1628725.0,0.024806584,20,0.137190958,5.530425229044031,Realistic
4,1000,16,5,1624925.0,0.021189834,20,0.12650425,5.970044409031237,Realistic
4,1000,17,5,1627600.0,0.018790708,20,0.238272833,12.68035419421131,Realistic
4,1000,18,6,1651125.0,0.009913916,20,0.203994583,20.576589815770078,Realistic
4,1000,19,5,1630400.0,0.018167958,20,0.169009584,9.302618599184344,Realistic
4,2500,0,4,3411675.0,0.032879667,20,0.141427042,4.301352626229456,Realistic
4,2500,1,4,3509350.0,0.025260293,20,0.209592708,8.297318958255946,Realistic
4,2500,2,5,3425300.0,0.022463209,20,0.132204916,5.885397585002214,Realistic
4,2500,3,6,3413125.0,0.012012458,20,0.22928,19.08685133384025,Realistic
4,2500,4,4,3423675.0,0.022143208,20,0.18071825,8.161340037089476,Realistic
4,2500,5,6,3426425.0,0.012636291,20,0.269409125,21.32026913593554,Realistic
4,2500,6,6,3448775.0,0.013479792,20,0.153756417,11.406438393114671,Realistic
4,2500,7,6,3444050.0,0.010065709,20,0.209062959,20.769819493092832,Realistic
4,2500,8,4,3463200.0,0.021238375,20,0.138944,6.542120100996428,Realistic
4,2500,9,6,3495750.0,0.019701625,20,0.133738792,6.788211226231338,Realistic
4,2500,10,5,3481000.0,0.014651167,20,0.182398667,12.449429250243341,Realistic
4,2500,11,6,3448175.0,0.014525,20,0.892886375,61.47238382099828,Realistic
4,2500,12,5,3429125.0,0.016624166,20,0.122423375,7.3641814572833315,Realistic
4,2500,13,6,3450375.0,0.021247208,20,0.124595,5.864064586744762,Realistic
4,2500,14,6,3419325.0,0.017425792,20,0.123570583,7.0912462974423205,Realistic
4,2500,15,6,3400275.0,0.020105459,20,0.625765834,31.12417547890849,Realistic
4,2500,16,6,3482525.0,0.023985249,20,0.286589666,11.948579979303114,Realistic
4,2500,17,1,3380300.0,0.020065084,20,0.152608708,7.605684979938285,Realistic
4,2500,18,6,3475425.0,0.017266125,20,0.16654,9.645476330097228,Realistic
4,2500,19,4,3392450.0,0.027602499,20,0.15058675,5.455547702401873,Realistic
4,5000,0,6,5882750.0,0.010866875,20,1.252733333,115.27999843561281,Realistic
4,5000,1,6,5883225.0,0.013436083,20,0.20840725,15.511012398479526,Realistic
4,5000,2,6,5811500.0,0.018509208,20,0.858481459,46.38131782840195,Realistic
4,5000,3,5,5883000.0,0.022394708,20,2.23436475,99.77199747368888,Realistic
4,5000,4,5,5776825.0,0.016251834,20,2.274474,139.9518355897556,Realistic
4,5000,5,6,5926150.0,0.009803832,20,2.007573167,204.77433385231407,Realistic
4,5000,6,5,5801075.0,0.01008025,20,0.142496667,14.136223506361448,Realistic
4,5000,7,6,5696850.0,0.0166815,20,1.260550208,75.56575895453047,Realistic
4,5000,8,6,5917675.0,0.010775084,20,0.350570875,32.53532640673613,Realistic
4,5000,9,5,5893925.0,0.017924459,20,0.183333375,10.228112045111097,Realistic
4,5000,10,5,5958850.0,0.015597833,20,0.209205083,13.412445369815153,Realistic
4,5000,11,6,5914125.0,0.01963375,20,1.842487,93.84284713821863,Realistic
4,5000,12,6,5841350.0,0.016618583,20,0.407104833,24.49696421169001,Realistic
4,5000,13,6,5862175.0,0.016653333,20,0.196309875,11.78802315428389,Realistic
4,5000,14,5,5918675.0,0.01998575,20,0.976755959,48.87261969153022,Realistic
4,5000,15,5,5859525.0,0.025948541,20,0.243212,9.372858381517482,Realistic
4,5000,16,6,5896350.0,0.012061958,20,1.21125975,100.41982819041486,Realistic
4,5000,17,5,5956875.0,0.014185917,20,0.211859375,14.934485729755785,Realistic
4,5000,18,6,5851875.0,0.015223708,20,0.770098083,50.5854475795253,Realistic
4,5000,19,6,5879850.0,0.009986124,20,0.285860792,28.625800360580335,Realistic
8,500,0,4,2477925.0,0.001425625,20,0.024186875,16.96580447172293,Random
8,500,1,0,2497925.0,0.000454042,20,0.02449375,53.94600059025377,Random
8,500,2,5,2491012.5,0.001313001,20,0.042508042,32.37472172526906,Random
8,500,3,6,2466168.75,0.000913958,20,0.017183209,18.80087378194622,Random
8,500,4,4,2496131.25,0.0011745,20,0.021069125,17.938803746275013,Random
8,500,5,6,2467431.25,0.001235292,20,0.022873916,18.51701136249567,Random
8,500,6,4,2464937.5,0.002030625,20,0.023612333,11.62811104955371,Random
8,500,7,6,2438650.0,0.001115292,20,0.019006459,17.041688634007954,Random
8,500,8,5,2455962.5,0.002923042,20,0.023042417,7.883026312998582,Random
8,500,9,6,2465550.0,0.001780791,20,0.025077917,14.082459423930153,Random
8,500,10,4,2476137.5,0.002801126,20,0.0245855,8.777006103973902,Random
8,500,11,4,2502650.0,0.003341249,20,0.027403583,8.201598563890329,Random
8,500,12,5,2462656.25,0.001482667,20,0.021347083,14.397759577841821,Random
8,500,13,6,2496218.75,0.000969916,20,0.020311958,20.941976418576456,Random
8,500,14,6,2428675.0,0.000983959,20,0.018931,19.239622789160933,Random
8,500,15,5,2438381.25,0.001644792,20,0.03475325,21.129267408888175,Random
8,500,16,4,2501862.5,0.002065,20,0.040224375,19.47911622276029,Random
8,500,17,6,2497493.75,0.001679374,20,0.034437208,20.50597901360864,Random
8,500,18,6,2450550.0,0.002430459,20,0.02289775,9.42116283385155,Random
8,500,19,5,2482875.0,0.002105709,20,0.030483459,14.476577247853337,Random
8,1000,0,6,2667385.16,0.004626417,20,0.080588709,17.41924884851495,Random
8,1000,1,5,2687997.59,0.008193708,20,0.059728125,7.289511049209955,Random
8,1000,2,6,2660794.33,0.0027075,20,0.044115375,16.29376731301939,Random
8,1000,3,6,2668760.38,0.007016333,20,0.061526417,8.769027496271914,Random
8,1000,4,4,2618125.46,0.003545875,20,0.033860666,9.549311805971728,Random
8,1000,5,5,2650265.39,0.001950417,20,0.040513417,20.77166934045386,Random
8,1000,6,6,2651147.75,0.0047285,20,0.053143333,11.238941101829333,Random
8,1000,7,6,2668708.86,0.0050845,20,0.055045208,10.826080833906973,Random
8,1000,8,6,2652707.79,0.007290459,20,0.043737375,5.999262186372627,Random
8,1000,9,6,2638878.12,0.007494917,20,0.048111792,6.419256143863901,Random
8,1000,10,6,2657284.3,0.007947874,20,0.05122425,6.445025424409093,Random
8,1000,11,1,2644706.58,0.005873875,20,0.03917,6.6685109914664515,Random
8,1000,12,3,2624090.81,0.003080125,20,0.040686916,13.20950156243659,Random
8,1000,13,5,2662444.14,0.004231042,20,0.047208042,11.157545115364016,Random
8,1000,14,4,2682855.18,0.007354583,20,0.047153625,6.411461397607451,Random
8,1000,15,6,2665486.9,0.006624249,20,0.089070708,13.446159406145512,Random
8,1000,16,6,2670063.73,0.004867291,20,0.041668375,8.56089660552451,Random
8,1000,17,3,2668575.13,0.008127917,20,0.066591833,8.192976503081908,Random
8,1000,18,6,2642117.58,0.004737334,20,0.045652084,9.636661464021747,Random
8,1000,19,6,2672974.87,0.006773417,20,0.040396708,5.9640072359342415,Random
8,2500,0,4,3598792.41,0.007345958,20,0.112235375,15.27852119492107,Random
8,2500,1,6,3590290.07,0.009019792,20,0.106217708,11.776070667704975,Random
8,2500,2,5,3673673.19,0.018141376,20,0.122592125,6.757597935239311,Random
8,2500,3,6,3613263.07,0.00880525,20,0.111095042,12.616909457425967,Random
8,2500,4,6,3626574.6,0.009758084,20,0.105757625,10.837949847531544,Random
8,2500,5,5,3639787.26,0.009299625,20,0.095746417,10.29572880626907,Random
8,2500,6,6,3646321.81,0.00852375,20,0.096165959,11.282118668426454,Random
8,2500,7,6,3653952.53,0.008343418,20,0.144002208,17.259378350695123,Random
8,2500,8,6,3608755.05,0.013648167,20,0.164236666,12.033606124544052,Random
8,2500,9,6,3636686.17,0.015124,20,0.090936666,6.012739090187781,Random
8,2500,10,5,3598615.41,0.010350084,20,0.082213833,7.943301039875617,Random
8,2500,11,5,3654527.91,0.014564084,20,0.122389666,8.403526510833087,Random
8,2500,12,6,3614941.72,0.014828667,20,0.094578708,6.378099123812005,Random
8,2500,13,5,3617968.17,0.00918,20,0.116426625,12.682638888888889,Random
8,2500,14,5,3650144.67,0.016611208,20,0.115940834,6.979675048316776,Random
8,2500,15,5,3606739.37,0.004064542,20,0.073296208,18.03307924976541,Random
8,2500,16,6,3677924.66,0.009391291,20,0.12280175,13.076130853574872,Random
8,2500,17,3,3596201.69,0.019170083,20,0.141285459,7.370101579633223,Random
8,2500,18,6,3620745.7,0.015717292,20,0.097631041,6.211696073343932,Random
8,2500,19,5,3653498.04,0.018651875,20,0.088830542,4.762552933686292,Random
8,5000,0,3,5767449.9,0.012137124,20,0.094688334,7.801546231215896,Random
8,5000,1,6,5693479.46,0.008919626,20,0.144807667,16.2347240792383,Random
8,5000,2,6,5752495.78,0.012706584,20,0.102006167,8.027819829467935,Random
8,5000,3,6,5683882.69,0.010970375,20,0.169654209,15.46475931770792,Random
8,5000,4,5,5683829.14000001,0.010350708,20,0.128809292,12.444490946899476,Random
8,5000,5,2,5728374.15,0.021515876,20,0.156830791,7.2890730082289,Random
8,5000,6,6,5840954.22,0.010822083,20,0.11074775,10.23349663830891,Random
8,5000,7,4,5757361.48000001,0.012805042,20,0.10188475,7.956611934580144,Random
8,5000,8,4,5714779.78,0.01317375,20,0.113724458,8.632656456969352,Random
8,5000,9,5,5692639.69,0.010249584,20,0.145495875,14.195295633461805,Random
8,5000,10,5,5730668.66,0.016239751,20,0.157557042,9.701937055561997,Random
8,5000,11,6,5744523.69,0.013353833,20,0.09680225,7.249023557505923,Random
8,5000,12,4,5826338.57,0.009546584,20,0.104096334,10.904040021016941,Random
8,5000,13,5,5787234.26,0.012750791,20,0.125651333,9.8543951508577,Random
8,5000,14,5,5764193.29,0.018790667,20,0.103876125,5.528070131837257,Random
8,5000,15,6,5688610.14000001,0.00794575,20,0.10060775,12.661831796872542,Random
8,5000,16,6,5712866.91,0.014681209,20,0.11305275,7.700506817933046,Random
8,5000,17,6,5766125.81000001,0.036066,20,0.119808458,3.321922530915544,Random
8,5000,18,5,5812709.52,0.011708251,20,0.137037958,11.704391885688135,Random
8,5000,19,6,5668004.38,0.019080375,20,0.152397417,7.987129026552151,Random
12,500,0,6,2907931.25,0.018026083,20,0.350410792,19.439097889430556,Cluster
12,500,1,4,2886450.0,0.040036167,20,0.355297166,8.8744051347373,Cluster
12,500,2,5,2935100.0,0.031437209,20,0.186484458,5.931966097881017,Cluster
12,500,3,5,2888593.75,0.011396459,20,0.15613625,13.700417822764072,Cluster
12,500,4,6,2928231.25,0.044786125,20,0.481616167,10.753691394377164,Cluster
12,500,5,4,2898306.25,0.074508,20,0.361497333,4.85179219681108,Cluster
12,500,6,6,2884787.5,0.041547334,20,0.671206208,16.1552172757944,Cluster
12,500,7,2,2938425.0,0.050012083,20,0.323352833,6.465494208669533,Cluster
12,500,8,6,2918912.5,0.038533,20,0.499033875,12.95081812991462,Cluster
12,500,9,3,2928450.0,0.046086042,20,0.727494542,15.7855721695519,Cluster
12,500,10,6,2869825.0,0.031556125,20,0.32444175,10.28141921734687,Cluster
12,500,11,4,2904212.5,0.042719667,20,0.232587,5.444494686721223,Cluster
12,500,12,3,2879231.25,0.0448775,20,0.387721792,8.639558620689655,Cluster
12,500,13,3,2920006.25,0.089375541,20,0.578571792,6.473491354866316,Cluster
12,500,14,4,2904081.25,0.105206416,20,0.661819292,6.290674249372776,Cluster
12,500,15,5,2881025.0,0.0414765,20,0.480020458,11.573311586078864,Cluster
12,500,16,6,2897081.25,0.026766333,20,0.184129584,6.879148667843294,Cluster
12,500,17,6,2902112.5,0.067091833,20,0.854204417,12.731868825226462,Cluster
12,500,18,6,2869431.25,0.038292834,20,0.317319042,8.286642926454595,Cluster
12,500,19,6,2902550.0,0.057075917,20,0.500025625,8.760711194530613,Cluster
12,1000,0,6,3450724.2,0.072559668,20,1.041839875,14.358388119967694,Cluster
12,1000,1,6,3372349.05,0.1096425,20,0.961732542,8.771530583487243,Cluster
12,1000,2,6,3377840.9,0.062073083,20,0.755844584,12.176688307877345,Cluster
12,1000,3,3,3433300.08,0.085565042,20,0.987970333,11.546424917316116,Cluster
12,1000,4,5,3465467.6,0.062359875,20,0.331026375,5.308323260750602,Cluster
12,1000,5,6,3468419.22,0.049222999,20,0.886750833,18.014969648639244,Cluster
12,1000,6,6,3404931.53,0.120651583,20,0.662927666,5.494562520576294,Cluster
12,1000,7,6,3437576.38,0.081585375,20,4.003483042,49.07108709128321,Cluster
12,1000,8,6,3469039.7,0.063867667,20,2.852015334,44.655073027796675,Cluster
12,1000,9,6,3447434.76,0.103459375,20,2.323797917,22.460969989428214,Cluster
12,1000,10,6,3452703.73,0.072349459,20,1.4214425,19.646898810950333,Cluster
12,1000,11,6,3399800.95,0.098001375,20,1.384552042,14.127883838364511,Cluster
12,1000,12,6,3429348.65,0.093799458,20,0.879733125,9.378872157235707,Cluster
12,1000,13,6,3419797.99,0.069610959,20,0.624109417,8.965677616939598,Cluster
12,1000,14,6,3474949.45,0.082939166,20,1.422924875,17.156247688818095,Cluster
12,1000,15,6,3460713.13,0.056779791,20,0.938783584,16.533762584649175,Cluster
12,1000,16,6,3456888.33,0.046731791,20,0.685133334,14.660968889465417,Cluster
12,1000,17,3,3460585.45,0.120926208,20,2.19035725,18.11317237368429,Cluster
12,1000,18,6,3427890.13,0.106917499,20,1.073754,10.04282750759069,Cluster
12,1000,19,6,3377255.56,0.083754125,20,1.58396775,18.91211626890019,Cluster
12,2500,0,6,5021029.58,0.061152459,20,1.02710975,16.795886327318414,Cluster
12,2500,1,6,5007165.54,0.045532916,20,1.380573333,30.32033645725655,Cluster
12,2500,2,5,5024705.91,0.133554,20,13.734460042,102.83825300627461,Cluster
12,2500,3,6,4962319.53,0.107180417,20,5.002316875,46.67192958392763,Cluster
12,2500,4,3,4847706.43,0.060547333,20,4.384734584,72.41829436153695,Cluster
12,2500,5,6,5101005.16,0.061657082,20,4.145764709,67.23906767109088,Cluster
12,2500,6,6,4819741.96,0.086637125,20,6.446503834,74.40809969167375,Cluster
12,2500,7,6,4928738.33,0.068379125,20,1.426190542,20.857104299009386,Cluster
12,2500,8,5,4774790.16,0.069616333,20,4.886888208,70.19743783402093,Cluster
12,2500,9,6,5074890.28,0.075805,20,2.891241375,38.140510190620674,Cluster
12,2500,10,5,4813103.37,0.050750709,20,4.809427167,94.76571385436212,Cluster
12,2500,11,6,4994257.94,0.070760042,20,2.751535667,38.88544423136437,Cluster
12,2500,12,6,4956217.84,0.072958,20,1.038736584,14.237459689136216,Cluster
12,2500,13,6,5033409.01,0.03537725,20,4.348020125,122.90441244019814,Cluster
12,2500,14,5,5110405.16,0.11542925,20,4.397617833,38.09795032888111,Cluster
12,2500,15,6,5074085.82,0.067886083,20,3.468052042,51.08634772756001,Cluster
12,2500,16,5,4884929.56,0.073228875,20,8.024100584,109.57563644122621,Cluster
12,2500,17,4,4899536.41,0.063545293,20,2.011345167,31.652150333148985,Cluster
12,2500,18,2,4920402.52,0.090311791,20,1.715625125,18.9966903103494,Cluster
12,2500,19,1,4918408.53,0.100228791,20,5.174709125,51.628968815956284,Cluster
12,5000,0,5,6993490.02,0.137789417,20,73.252419042,531.6258725588483,Cluster
12,5000,1,5,6771635.78,0.117005625,20,76.333392208,652.390790682072,Cluster
12,5000,2,4,6700120.21,0.098119541,20,59.515364959,606.5597571333931,Cluster
12,5000,3,6,6823560.32,0.127616166,20,72.33291275,566.8005474322117,Cluster
12,5000,4,5,6798218.83,0.105636417,20,261.189892333,2472.536458075817,Cluster
12,5000,5,5,6768566.06,0.132932875,20,28.882677334,217.272644814159,Cluster
12,5000,6,6,6497608.33,0.086251958,20,75.961726125,880.6956721492629,Cluster
12,5000,7,5,6833629.29,0.098439708,20,93.636930625,951.2109749959844,Cluster
12,5000,8,4,6989842.81,0.143983876,20,43.114059959,299.43672275498403,Cluster
12,5000,9,5,6735142.84,0.172709625,20,30.870441625,178.74187165307086,Cluster
12,5000,10,6,6980082.1,0.105365709,20,68.6788385,651.813945464933,Cluster
12,5000,11,6,6712703.66,0.193701542,20,318.139801458,1642.4226579363008,Cluster
12,5000,12,6,6854155.79,0.136095583,20,71.076875708,522.2570353954839,Cluster
12,5000,13,6,6664460.05,0.100767875,20,35.101626333,348.34143652428907,Cluster
12,5000,14,6,6792759.21,0.143622208,20,191.8515015,1335.8066567254,Cluster
12,5000,15,6,6823216.77,0.092325667,20,60.698264458,657.4365117557179,Cluster
12,5000,16,0,6980823.21,0.168471,20,94.612455833,561.59490851838,Cluster
12,5000,17,6,6858499.52,0.147587917,20,118.246408708,801.1930184501485,Cluster
12,5000,18,6,6815597.89,0.147760583,20,74.7207745,505.6881407946259,Cluster
12,5000,19,5,6792790.83,0.113414541,20,96.365569083,849.6756080245477,Cluster
