Instance,User,Simulation,Backtracking percentiles idx,Total Allocated Demand,Computation Time(s),Threads,Optimal Demand,Optimality Gap (%),Problem Type
4,500,0,1,962750.0,0.001451417,1,979500.0,1.7100561510974988,Realistic
4,500,1,1,965875.0,0.002216791,1,983450.0,1.7870761096141137,Realistic
4,500,2,6,971325.0,0.001738917,1,981100.0,0.9963306492712262,Realistic
4,500,3,6,963325.0,0.001368625,1,980275.0,1.729106628242075,Realistic
4,500,4,1,953100.0,0.000661416,1,980100.0,2.7548209366391188,Realistic
4,500,5,5,960450.0,0.001721292,1,976925.0,1.6864140031220411,Realistic
4,500,6,1,965650.0,0.001762209,1,982775.0,1.7425148177354939,Realistic
4,500,7,4,965225.0,0.001794001,1,982050.0,1.7132528893640853,Realistic
4,500,8,1,967275.0,0.001434166,1,979950.0,1.2934333384356345,Realistic
4,500,9,5,968700.0,0.001341,1,978075.0,0.9585154512690744,Realistic
4,500,10,1,968200.0,0.001850292,1,981125.0,1.3173652694610778,Realistic
4,500,11,1,961700.0,0.001109542,1,982825.0,2.1494162236410346,Realistic
4,500,12,1,973850.0,0.000963958,1,981050.0,0.7339075480352684,Realistic
4,500,13,5,962225.0,0.001520125,1,978500.0,1.6632600919775167,Realistic
4,500,14,1,955825.0,0.000855625,1,977550.0,2.22239271648509,Realistic
4,500,15,6,961700.0,0.000857125,1,981950.0,2.062223127450481,Realistic
4,500,16,4,969650.0,0.00146075,1,981150.0,1.1720939713601386,Realistic
4,500,17,5,970525.0,0.001781375,1,983600.0,1.329300528670191,Realistic
4,500,18,1,966550.0,0.000824334,1,974675.0,0.8336112037345782,Realistic
4,500,19,6,974325.0,0.001249,1,982400.0,0.8219666123778502,Realistic
4,1000,0,6,1636975.0,0.003967166,1,1686225.0,2.9207252887366755,Realistic
4,1000,1,1,1631275.0,0.006262668,1,1682025.0,3.0171965339397455,Realistic
4,1000,2,5,1663225.0,0.005907124,1,1702550.0,2.309770638160406,Realistic
4,1000,3,5,1623075.0,0.006440084,1,1693475.0,4.157132523361726,Realistic
4,1000,4,6,1651875.0,0.003989458,1,1691250.0,2.328159645232816,Realistic
4,1000,5,4,1640075.0,0.002835209,1,1676800.0,2.190183683206107,Realistic
4,1000,6,1,1642025.0,0.003661542,1,1682725.0,2.4186958653374733,Realistic
4,1000,7,6,1631175.0,0.003882751,1,1700625.0,4.083792723263506,Realistic
4,1000,8,1,1667425.0,0.003840501,1,1700100.0,1.9219457678960061,Realistic
4,1000,9,4,1627250.0,0.003906458,1,1692825.0,3.8737022432915396,Realistic
4,1000,10,6,1645025.0,0.006683876,1,1690575.0,2.6943495556245654,Realistic
4,1000,11,1,1640800.0,0.005955125,1,1687100.0,2.7443542172959514,Realistic
4,1000,12,2,1632425.0,0.003218167,1,1684200.0,3.0741598384989905,Realistic
4,1000,13,6,1671825.0,0.004318667,1,1707750.0,2.103645147123408,Realistic
4,1000,14,3,1608775.0,0.005707124,1,1687100.0,4.642581945350009,Realistic
4,1000,15,1,1623750.0,0.005902834,1,1686000.0,3.692170818505338,Realistic
4,1000,16,1,1621550.0,0.003713125,1,1689300.0,4.010536908778784,Realistic
4,1000,17,2,1627600.0,0.004185417,1,1694475.0,3.946650142374482,Realistic
4,1000,18,1,1651125.0,0.003541458,1,1687225.0,2.1396079361081064,Realistic
4,1000,19,1,1630400.0,0.003665958,1,1688575.0,3.4452126793302043,Realistic
4,2500,0,1,3411675.0,0.003678042,1,3557175.0,4.090324485019714,Realistic
4,2500,1,1,3488800.0,0.005679208,1,3596850.0,3.0040174041174916,Realistic
4,2500,2,6,3425300.0,0.005900541,1,3550675.0,3.531018749955994,Realistic
4,2500,3,1,3413125.0,0.005849667,1,3563700.0,4.225243426775542,Realistic
4,2500,4,6,3363900.0,0.004261375,1,3566000.0,5.667414469994392,Realistic
4,2500,5,3,3399775.0,0.004579,1,3547950.0,4.176355360137545,Realistic
4,2500,6,1,3448775.0,0.005890917,1,3541975.0,2.631300333853288,Realistic
4,2500,7,1,3409375.0,0.005439876,1,3556425.0,4.134770169481994,Realistic
4,2500,8,1,3446950.0,0.003743625,1,3569950.0,3.4454264065323046,Realistic
4,2500,9,6,3490150.0,0.00376275,1,3593700.0,2.881431393828088,Realistic
4,2500,10,6,3481000.0,0.006038875,1,3568825.0,2.460893991719964,Realistic
4,2500,11,0,3371950.0,0.003059791,1,3567550.0,5.4827542711384565,Realistic
4,2500,12,5,3429125.0,0.004287751,1,3556275.0,3.5753702961666347,Realistic
4,2500,13,5,3450375.0,0.005098333,1,3554950.0,2.941672878662147,Realistic
4,2500,14,1,3357475.0,0.003418208,1,3581550.0,6.2563694489815855,Realistic
4,2500,15,5,3392125.0,0.006700126,1,3557775.0,4.6559998875701805,Realistic
4,2500,16,1,3474525.0,0.004134167,1,3593875.0,3.3209279677228616,Realistic
4,2500,17,1,3368200.0,0.005469291,1,3538350.0,4.808738536323428,Realistic
4,2500,18,1,3461800.0,0.0055155,1,3570575.0,3.046428096315019,Realistic
4,2500,19,0,3340375.0,0.00227675,1,3550600.0,5.9208302822058245,Realistic
4,5000,0,4,5862200.0,0.005071416,1,6135925.0,4.461022584206945,Realistic
4,5000,1,6,5769925.0,0.005184708,1,6125525.0,5.805216695711796,Realistic
4,5000,2,5,5742525.0,0.003700208,1,6126650.0,6.269739580357944,Realistic
4,5000,3,5,5794575.0,0.005619208,1,6186675.0,6.337814738934888,Realistic
4,5000,4,1,5776825.0,0.003773583,1,6064800.0,4.748301675240733,Realistic
4,5000,5,3,5807150.0,0.005402416,1,6105275.0,4.883072425075038,Realistic
4,5000,6,6,5801075.0,0.004461626,1,6172875.0,6.02312536702914,Realistic
4,5000,7,6,5682575.0,0.004683791,1,6072650.0,6.423472454365063,Realistic
4,5000,8,4,5836650.0,0.004697999,1,6196900.0,5.813390566250868,Realistic
4,5000,9,5,5893925.0,0.003672833,1,6259575.0,5.84145089722545,Realistic
4,5000,10,3,5903325.0,0.005182209,1,6162200.0,4.201015870955178,Realistic
4,5000,11,6,5802675.0,0.005132541,1,6066250.0,4.34494127343911,Realistic
4,5000,12,5,5813825.0,0.005861958,1,6153525.0,5.520413096558477,Realistic
4,5000,13,5,5849800.0,0.003694083,1,6198325.0,5.62289005497453,Realistic
4,5000,14,3,5918675.0,0.003345875,1,6196575.0,4.484735519218278,Realistic
4,5000,15,6,5736900.0,0.003662458,1,6092500.0,5.8366844480919156,Realistic
4,5000,16,5,5791875.0,0.005251333,1,6132450.0,5.553653107648656,Realistic
4,5000,17,0,5871625.0,0.002683417,1,6203425.0,5.3486582009132055,Realistic
4,5000,18,6,5851875.0,0.003682291,1,6110475.0,4.2320768843666,Realistic
4,5000,19,4,5879850.0,0.00311225,1,6172850.0,4.746591930793718,Realistic
8,500,0,6,2475656.25,0.000475541,1,2495956.25,0.813315537882525,Random
8,500,1,0,2497925.0,0.000514209,1,2511881.25,0.5556094660127743,Random
8,500,2,6,2491012.5,0.000588124,1,2514418.75,0.9308811430077032,Random
8,500,3,0,2464331.25,0.000281583,1,2487600.0,0.9353895320791124,Random
8,500,4,4,2496131.25,0.000852125,1,2508556.25,0.495304819256096,Random
8,500,5,5,2442143.75,0.000489041,1,2491100.0,1.9652462767452128,Random
8,500,6,5,2464937.5,0.000662084,1,2514418.75,1.9679001359658173,Random
8,500,7,1,2438650.0,0.00073525,1,2474693.75,1.4564933539756182,Random
8,500,8,0,2451243.75,0.00033925,1,2494468.75,1.7328338949926712,Random
8,500,9,6,2465550.0,0.000601834,1,2485718.75,0.8113850370239996,Random
8,500,10,0,2467387.5,0.000500958,1,2491537.5,0.9692810162399723,Random
8,500,11,6,2502125.0,0.001124792,1,2515468.75,0.5304677309149636,Random
8,500,12,5,2462656.25,0.000451042,1,2487243.75,0.9885440459946879,Random
8,500,13,0,2496218.75,0.000476374,1,2509825.0,0.5421194704810096,Random
8,500,14,6,2428675.0,0.00037925,1,2437775.0,0.37329121842663904,Random
8,500,15,6,2438381.25,0.000794499,1,2486681.25,1.9423478582146385,Random
8,500,16,3,2501862.5,0.000628791,1,2517568.75,0.6238657832085023,Random
8,500,17,1,2497493.75,0.000565041,1,2514068.75,0.6592898463894434,Random
8,500,18,6,2450550.0,0.000863667,1,2475793.75,1.0196224948059587,Random
8,500,19,5,2475481.25,0.000987125,1,2511225.0,1.423359117562146,Random
8,1000,0,4,2667385.16,0.001865417,1,2699110.02,1.1753822469230013,Random
8,1000,1,4,2687997.59,0.001918416,1,2715595.18,1.0162630351995363,Random
8,1000,2,5,2660794.33,0.000966376,1,2676848.81,0.5997529610198635,Random
8,1000,3,3,2666841.61,0.002753417,1,2681608.62,0.5506773020441827,Random
8,1000,4,6,2618125.46,0.001055167,1,2633738.07,0.5927928132959657,Random
8,1000,5,5,2639884.39,0.001013584,1,2667260.25,1.026366287279236,Random
8,1000,6,5,2651147.75,0.002402833,1,2679715.89,1.0660883904375449,Random
8,1000,7,4,2668708.86,0.001596249,1,2698595.17,1.1074765986481794,Random
8,1000,8,2,2652707.79,0.001129166,1,2673601.2,0.7814706995194401,Random
8,1000,9,6,2637699.74,0.002247667,1,2679306.22,1.5528825965999504,Random
8,1000,10,3,2657284.3,0.001275376,1,2662929.1,0.21197710445990764,Random
8,1000,11,6,2644706.58,0.001024791,1,2671690.6,1.0099979391326233,Random
8,1000,12,6,2624090.81,0.000935542,1,2656497.96,1.219920003251194,Random
8,1000,13,5,2662444.14,0.001495083,1,2674006.27,0.4323897864308257,Random
8,1000,14,3,2681146.62,0.001177791,1,2706846.02,0.9494223095852312,Random
8,1000,15,6,2658808.48,0.00302425,1,2710613.89,1.9112058043796176,Random
8,1000,16,6,2656636.03,0.001043333,1,2682188.08,0.9526569068937283,Random
8,1000,17,5,2659285.43,0.002297917,1,2685153.37,0.9633691799139183,Random
8,1000,18,4,2641028.8,0.00179175,1,2677903.94,1.377015039605944,Random
8,1000,19,3,2672974.87,0.001789708,1,2701530.34,1.0570108940549505,Random
8,2500,0,3,3598792.41,0.003182333,1,3658867.46,1.641902874503134,Random
8,2500,1,3,3590290.07,0.002999708,1,3665428.86,2.0499317506874224,Random
8,2500,2,0,3673673.19,0.003098416,1,3711113.25,1.0088633107599196,Random
8,2500,3,2,3613263.07,0.002711459,1,3678675.55,1.7781530094438467,Random
8,2500,4,0,3626574.6,0.002298792,1,3665591.34,1.064405068132875,Random
8,2500,5,3,3639787.26,0.003463749,1,3683732.05,1.1929420870880127,Random
8,2500,6,6,3646221.57,0.004986166,1,3688629.2,1.1496853627900672,Random
8,2500,7,4,3615487.97,0.005172333,1,3683256.14,1.8398983786123524,Random
8,2500,8,0,3606444.77,0.003052125,1,3699775.65,2.5226091749644306,Random
8,2500,9,5,3636686.17,0.003267667,1,3688928.78,1.4162000167430684,Random
8,2500,10,6,3598615.41,0.004007209,1,3652180.2,1.4666524395483014,Random
8,2500,11,5,3654527.91,0.005770583,1,3696023.35,1.1227050283651465,Random
8,2500,12,3,3613823.21,0.005065333,1,3673384.32,1.621423320062516,Random
8,2500,13,6,3617968.17,0.004522876,1,3697392.27,2.1481112687023627,Random
8,2500,14,0,3650144.67,0.002405999,1,3690393.9,1.0906486161273998,Random
8,2500,15,5,3606739.37,0.001847125,1,3645498.51,1.0632054818752255,Random
8,2500,16,6,3677924.66,0.003986667,1,3711533.13,0.9055144820975837,Random
8,2500,17,4,3572558.12,0.005109042,1,3642465.79,1.9192402627891236,Random
8,2500,18,6,3620745.7,0.004967667,1,3671288.73,1.3767108423531647,Random
8,2500,19,3,3653498.04,0.002610458,1,3689527.88,0.976543372806817,Random
8,5000,0,6,5767449.9,0.003802501,1,5817005.54,0.8519097954993466,Random
8,5000,1,6,5692299.54,0.003103251,1,5756639.71,1.1176688700568327,Random
8,5000,2,5,5749137.04,0.004775959,1,5800190.84,0.880208969124192,Random
8,5000,3,0,5669224.22,0.002401417,1,5779109.22,1.9014176029017844,Random
8,5000,4,3,5644395.64000001,0.004667499,1,5769133.1,2.1621525771348513,Random
8,5000,5,4,5719845.42,0.004271125,1,5803227.44,1.4368215077229591,Random
8,5000,6,0,5826557.2,0.003966126,1,5850569.7,0.4104301158911071,Random
8,5000,7,6,5757361.48000001,0.004744792,1,5818509.3,1.050919004288436,Random
8,5000,8,0,5696979.48,0.00291375,1,5773947.42,1.3330211448305755,Random
8,5000,9,2,5688301.93,0.003169957,1,5756710.41,1.1883258862764376,Random
8,5000,10,3,5730668.66,0.002798208,1,5807285.43,1.3193215818909654,Random
8,5000,11,4,5744523.69,0.002566875,1,5860328.56,1.9760815253675672,Random
8,5000,12,6,5821821.89,0.004011,1,5862323.89,0.6908864259289502,Random
8,5000,13,4,5785933.87,0.004042709,1,5812085.71,0.4499561999748942,Random
8,5000,14,2,5764193.29,0.002967417,1,5820804.81,0.9725720385391098,Random
8,5000,15,3,5688610.14000001,0.004659375,1,5761809.0,1.270414552096227,Random
8,5000,16,5,5712866.91,0.004367084,1,5790685.7,1.3438614014226336,Random
8,5000,17,6,5749016.03,0.002830916,1,5833555.78,1.4491975938558694,Random
8,5000,18,0,5812709.52,0.003114166,1,5867576.62,0.9350896213776337,Random
8,5000,19,2,5639249.45,0.003380917,1,5766745.68,2.210886990251311,Random
12,500,0,0,2877306.25,0.003267959,1,2952425.0,2.5443067986485683,Clustered
12,500,1,5,2886450.0,0.009431124,1,2952425.0,2.2346037579278053,Clustered
12,500,2,3,2849000.0,0.004397666,1,2952425.0,3.5030525754252864,Clustered
12,500,3,6,2817368.75,0.002585916,1,2952425.0,4.574417639736827,Clustered
12,500,4,6,2888856.25,0.008992208,1,2952425.0,2.1531029577381307,Clustered
12,500,5,3,2829400.0,0.009730333,1,2952425.0,4.166913638788453,Clustered
12,500,6,6,2873631.25,0.008046709,1,2952425.0,2.6687807480291625,Clustered
12,500,7,1,2916425.0,0.004664001,1,2952425.0,1.2193366469935731,Clustered
12,500,8,6,2877787.5,0.007567043,1,2952425.0,2.5280066386106337,Clustered
12,500,9,5,2875600.0,0.006119958,1,2952425.0,2.6020982751467017,Clustered
12,500,10,3,2847950.0,0.008036958,1,2952425.0,3.5386165609625984,Clustered
12,500,11,0,2904212.5,0.007465333,1,2952425.0,1.6329796692549345,Clustered
12,500,12,0,2841475.0,0.007693292,1,2952425.0,3.7579278051093596,Clustered
12,500,13,1,2898350.0,0.008515333,1,2952425.0,1.8315452551715965,Clustered
12,500,14,3,2902331.25,0.010689332,1,2952425.0,1.6966984766759527,Clustered
12,500,15,5,2777425.0,0.007512375,1,2952425.0,5.9273309228854245,Clustered
12,500,16,1,2872581.25,0.00443575,1,2952425.0,2.704344733566475,Clustered
12,500,17,3,2898393.75,0.015206375,1,2952425.0,1.8300634224408747,Clustered
12,500,18,5,2869431.25,0.008749792,1,2952425.0,2.8110366901784127,Clustered
12,500,19,4,2902550.0,0.00832175,1,2952425.0,1.6892893130223459,Clustered
12,1000,0,3,3343073.32,0.01633275,1,3498292.28,4.436992325867065,Clustered
12,1000,1,0,3317642.65,0.012747458,1,3501995.0,5.2642094006416364,Clustered
12,1000,2,2,3193394.65,0.017341708,1,3512495.0,9.084720405295952,Clustered
12,1000,3,0,3287619.44,0.010784791,1,3511389.0,6.372679301552749,Clustered
12,1000,4,3,3298248.24,0.009805708,1,3512495.0,6.099560568769487,Clustered
12,1000,5,5,3285870.58,0.012303167,1,3511418.68,6.423275620325632,Clustered
12,1000,6,1,3230944.42,0.015985833,1,3509870.0,7.946892050132913,Clustered
12,1000,7,4,3437576.38,0.014450416,1,3488870.0,1.47020725908389,Clustered
12,1000,8,2,3322406.54,0.016584291,1,3501995.0,5.128175796938601,Clustered
12,1000,9,3,3399856.18,0.015776333,1,3510342.64,3.147455144150827,Clustered
12,1000,10,6,3428036.22,0.013537458,1,3512495.0,2.4045238498560084,Clustered
12,1000,11,6,3288054.09,0.014167125,1,3511419.8,6.361122358539983,Clustered
12,1000,12,5,3284348.41,0.011601084,1,3512495.0,6.495285829588365,Clustered
12,1000,13,5,3412286.99,0.017178667,1,3512495.0,2.8529011429197704,Clustered
12,1000,14,6,3446855.93,0.012312375,1,3509870.0,1.7953391436150008,Clustered
12,1000,15,2,3291336.97,0.013743792,1,3510341.8,6.238846314054079,Clustered
12,1000,16,5,3376254.0,0.012451625,1,3511419.8,3.849320437277247,Clustered
12,1000,17,3,3453232.37,0.011806166,1,3499848.8,1.3319555404793402,Clustered
12,1000,18,2,3327454.66,0.011988792,1,3507180.88,5.12452097993873,Clustered
12,1000,19,4,3328570.65,0.01374725,1,3490357.08,4.635240071196388,Clustered
12,2500,0,0,4892025.34,0.010701124,1,5284576.22,7.428237642109359,Clustered
12,2500,1,1,4732832.9,0.011023291,1,5286590.4,10.474757038109098,Clustered
12,2500,2,5,4938942.56,0.017352418,1,5182344.93,4.696761278682392,Clustered
12,2500,3,1,4866506.33,0.016952584,1,5268557.86117701,7.6311495815515435,Clustered
12,2500,4,5,4847706.43,0.009474333,1,5242953.1,7.538626847529876,Clustered
12,2500,5,6,4846598.44,0.011388709,1,5263778.8,7.925491853875004,Clustered
12,2500,6,3,4784768.03,0.014133417,1,5311522.93,9.917210316928811,Clustered
12,2500,7,4,4701714.33,0.009787208,1,5284195.56,11.023082385694288,Clustered
12,2500,8,5,4432212.89,0.009430208,1,5229517.58702387,15.246237989566037,Clustered
12,2500,9,1,4864032.71,0.01037675,1,5264830.08,7.6127313495367375,Clustered
12,2500,10,4,4749797.5,0.012552166,1,5275876.48,9.971404410135099,Clustered
12,2500,11,6,4994257.94,0.016109918,1,5265322.62,5.148111513060518,Clustered
12,2500,12,5,4871946.66,0.016646542,1,5311006.96,8.266987848195171,Clustered
12,2500,13,2,4979301.13,0.01436175,1,5284208.32,5.77015839526933,Clustered
12,2500,14,3,4875461.99,0.013579666,1,5318809.6,8.335466830773552,Clustered
12,2500,15,6,4730308.03,0.009672125,1,5233451.32,9.613986244167453,Clustered
12,2500,16,6,4854926.88,0.010276001,1,5235922.54992288,7.2765719181329676,Clustered
12,2500,17,4,4738953.05,0.010044708,1,5267781.12,10.038915018549599,Clustered
12,2500,18,1,4809041.18,0.010184083,1,5318105.8,9.57229207436979,Clustered
12,2500,19,2,4918408.53,0.015642292,1,5212184.74,5.636335330662128,Clustered
12,5000,0,5,6916093.54,0.0226975,1,7522337.69,8.059251990321115,Clustered
12,5000,1,3,6505477.44,0.029019916,1,7491358.48,13.160243801335215,Clustered
12,5000,2,1,6586457.56,0.022655375,1,7467900.5594962,11.80308966989866,Clustered
12,5000,3,3,6675698.88,0.026065209,1,7561088.14,11.709812709576479,Clustered
12,5000,4,2,6446324.0,0.015497291,1,7513671.19,14.205401900212783,Clustered
12,5000,5,6,6661518.75,0.017815667,1,7599746.3,12.345511454770534,Clustered
12,5000,6,1,6268404.53,0.016381875,1,7351685.03,14.73513208984689,Clustered
12,5000,7,5,6626646.57,0.015886542,1,7335832.28336959,9.667419946027405,Clustered
12,5000,8,0,6844611.93,0.023612292,1,7566976.85,9.546281617076707,Clustered
12,5000,9,6,6578655.52,0.024217625,1,7543774.27,12.79357938688693,Clustered
12,5000,10,2,6711839.28,0.02578,1,7644546.74,12.20095175976385,Clustered
12,5000,11,6,6674230.23,0.017906958,1,7470638.83,10.66051536050498,Clustered
12,5000,12,2,6733197.95,0.031777084,1,7473773.76,9.908994221414586,Clustered
12,5000,13,6,6649360.42,0.023608333,1,7408629.93506895,10.248447037082084,Clustered
12,5000,14,0,6704669.16,0.018197084,1,7414284.70926302,9.570923927111451,Clustered
12,5000,15,4,6683245.61,0.020932,1,7432394.38447294,10.079507837178165,Clustered
12,5000,16,1,6570997.16,0.024238125,1,7423634.11,11.485438767132344,Clustered
12,5000,17,3,6636221.12,0.023383959,1,7364327.22,9.886933025227519,Clustered
12,5000,18,2,6735228.98,0.021246125,1,7514347.37,10.368410610221758,Clustered
12,5000,19,1,6702663.19,0.024816875,1,7479916.44503292,10.391202371639576,Clustered
4,500,0,1,962750.0,0.001348333,5,979500.0,1.7100561510974988,Realistic
4,500,1,1,965875.0,0.001618209,5,983450.0,1.7870761096141137,Realistic
4,500,2,6,971325.0,0.001381668,5,981100.0,0.9963306492712262,Realistic
4,500,3,6,963325.0,0.001532792,5,980275.0,1.729106628242075,Realistic
4,500,4,1,953100.0,0.000875416,5,980100.0,2.7548209366391188,Realistic
4,500,5,6,960450.0,0.001213375,5,976925.0,1.6864140031220411,Realistic
4,500,6,1,965650.0,0.001516916,5,982775.0,1.7425148177354939,Realistic
4,500,7,6,965225.0,0.002754792,5,982050.0,1.7132528893640853,Realistic
4,500,8,1,967275.0,0.001093416,5,979950.0,1.2934333384356345,Realistic
4,500,9,5,968700.0,0.001587749,5,978075.0,0.9585154512690744,Realistic
4,500,10,1,968200.0,0.001577375,5,981125.0,1.3173652694610778,Realistic
4,500,11,1,961700.0,0.001133167,5,982825.0,2.1494162236410346,Realistic
4,500,12,1,973850.0,0.001029501,5,981050.0,0.7339075480352684,Realistic
4,500,13,6,962225.0,0.001104,5,978500.0,1.6632600919775167,Realistic
4,500,14,1,955825.0,0.0006105,5,977550.0,2.22239271648509,Realistic
4,500,15,4,961700.0,0.001107041,5,981950.0,2.062223127450481,Realistic
4,500,16,6,969650.0,0.000968,5,981150.0,1.1720939713601386,Realistic
4,500,17,5,970525.0,0.001380334,5,983600.0,1.329300528670191,Realistic
4,500,18,1,966550.0,0.000650876,5,974675.0,0.8336112037345782,Realistic
4,500,19,3,974325.0,0.001921208,5,982400.0,0.8219666123778502,Realistic
4,1000,0,6,1636975.0,0.004546083,5,1686225.0,2.9207252887366755,Realistic
4,1000,1,2,1631275.0,0.00667575,5,1682025.0,3.0171965339397455,Realistic
4,1000,2,4,1663225.0,0.005928875,5,1702550.0,2.309770638160406,Realistic
4,1000,3,2,1623075.0,0.006745125,5,1693475.0,4.157132523361726,Realistic
4,1000,4,6,1665125.0,0.005024458,5,1691250.0,1.5447154471544715,Realistic
4,1000,5,6,1640075.0,0.003174209,5,1676800.0,2.190183683206107,Realistic
4,1000,6,6,1642025.0,0.005244375,5,1682725.0,2.4186958653374733,Realistic
4,1000,7,6,1642300.0,0.006301999,5,1700625.0,3.429621462697538,Realistic
4,1000,8,4,1670825.0,0.005754417,5,1700100.0,1.7219575319098877,Realistic
4,1000,9,6,1627250.0,0.005232834,5,1692825.0,3.8737022432915396,Realistic
4,1000,10,4,1653275.0,0.007548501,5,1690575.0,2.2063499105333984,Realistic
4,1000,11,6,1651175.0,0.004692791,5,1687100.0,2.129393634046589,Realistic
4,1000,12,5,1632425.0,0.004025166,5,1684200.0,3.0741598384989905,Realistic
4,1000,13,6,1685275.0,0.004797167,5,1707750.0,1.3160591421460988,Realistic
4,1000,14,6,1620075.0,0.004977917,5,1687100.0,3.9727935510639556,Realistic
4,1000,15,6,1628725.0,0.004904416,5,1686000.0,3.397093712930012,Realistic
4,1000,16,5,1624925.0,0.005597876,5,1689300.0,3.8107500147990288,Realistic
4,1000,17,4,1627600.0,0.006767542,5,1694475.0,3.946650142374482,Realistic
4,1000,18,1,1651125.0,0.005293416,5,1687225.0,2.1396079361081064,Realistic
4,1000,19,5,1630400.0,0.004943583,5,1688575.0,3.4452126793302043,Realistic
4,2500,0,1,3411675.0,0.005844834,5,3557175.0,4.090324485019714,Realistic
4,2500,1,6,3509350.0,0.00456775,5,3596850.0,2.432684154190472,Realistic
4,2500,2,5,3425300.0,0.005737126,5,3550675.0,3.531018749955994,Realistic
4,2500,3,2,3413125.0,0.005163958,5,3563700.0,4.225243426775542,Realistic
4,2500,4,6,3423675.0,0.004643917,5,3566000.0,3.9911665731912507,Realistic
4,2500,5,4,3426425.0,0.006382084,5,3547950.0,3.425217379049874,Realistic
4,2500,6,1,3448775.0,0.00554525,5,3541975.0,2.631300333853288,Realistic
4,2500,7,5,3411675.0,0.0059935,5,3556425.0,4.07009848373015,Realistic
4,2500,8,5,3459925.0,0.007361292,5,3569950.0,3.0819759380383482,Realistic
4,2500,9,6,3495750.0,0.006246459,5,3593700.0,2.7256031388262794,Realistic
4,2500,10,1,3481000.0,0.005843834,5,3568825.0,2.460893991719964,Realistic
4,2500,11,5,3448175.0,0.004492083,5,3567550.0,3.346133901416939,Realistic
4,2500,12,6,3429125.0,0.00505275,5,3556275.0,3.5753702961666347,Realistic
4,2500,13,5,3450375.0,0.004542874,5,3554950.0,2.941672878662147,Realistic
4,2500,14,6,3396275.0,0.005454625,5,3581550.0,5.173039605757284,Realistic
4,2500,15,6,3400275.0,0.006440417,5,3557775.0,4.426924130952632,Realistic
4,2500,16,4,3475675.0,0.006091625,5,3593875.0,3.288929080727627,Realistic
4,2500,17,1,3380300.0,0.005781917,5,3538350.0,4.466771235180239,Realistic
4,2500,18,6,3475425.0,0.0048375,5,3570575.0,2.6648368960181483,Realistic
4,2500,19,6,3389975.0,0.004597833,5,3550600.0,4.523883287331719,Realistic
4,5000,0,6,5882750.0,0.004433542,5,6135925.0,4.126109755252876,Realistic
4,5000,1,3,5834400.0,0.00443725,5,6125525.0,4.75265385415944,Realistic
4,5000,2,6,5811500.0,0.005179666,5,6126650.0,5.143920413276423,Realistic
4,5000,3,6,5875500.0,0.005608792,5,6186675.0,5.0297615439634376,Realistic
4,5000,4,6,5776825.0,0.00527575,5,6064800.0,4.748301675240733,Realistic
4,5000,5,6,5926150.0,0.004776624,5,6105275.0,2.9339382746886913,Realistic
4,5000,6,6,5801075.0,0.003779708,5,6172875.0,6.02312536702914,Realistic
4,5000,7,6,5696850.0,0.005255792,5,6072650.0,6.1884020979308865,Realistic
4,5000,8,6,5917675.0,0.003959792,5,6196900.0,4.505881973244687,Realistic
4,5000,9,5,5893925.0,0.0057445,5,6259575.0,5.84145089722545,Realistic
4,5000,10,6,5931925.0,0.006835208,5,6162200.0,3.7368959137970204,Realistic
4,5000,11,6,5914125.0,0.004372959,5,6066250.0,2.507727179064496,Realistic
4,5000,12,4,5841350.0,0.00579925,5,6153525.0,5.073108502849992,Realistic
4,5000,13,6,5862175.0,0.004579666,5,6198325.0,5.42323934288699,Realistic
4,5000,14,5,5918675.0,0.00461175,5,6196575.0,4.484735519218278,Realistic
4,5000,15,6,5846125.0,0.005214417,5,6092500.0,4.043906442347148,Realistic
4,5000,16,6,5896350.0,0.004560166,5,6132450.0,3.850011007020033,Realistic
4,5000,17,6,5899675.0,0.003440249,5,6203425.0,4.896488633295316,Realistic
4,5000,18,6,5851875.0,0.004557417,5,6110475.0,4.2320768843666,Realistic
4,5000,19,6,5879850.0,0.004784667,5,6172850.0,4.746591930793718,Realistic
8,500,0,6,2477925.0,0.000592542,5,2495956.25,0.7224185119430679,Random
8,500,1,6,2497925.0,0.000655667,5,2511881.25,0.5556094660127743,Random
8,500,2,6,2491012.5,0.000698375,5,2514418.75,0.9308811430077032,Random
8,500,3,6,2466168.75,0.00046825,5,2487600.0,0.8615231548480463,Random
8,500,4,5,2496131.25,0.000744291,5,2508556.25,0.495304819256096,Random
8,500,5,2,2467431.25,0.000674376,5,2491100.0,0.9501324715988921,Random
8,500,6,3,2464937.5,0.000988458,5,2514418.75,1.9679001359658173,Random
8,500,7,6,2438650.0,0.000532292,5,2474693.75,1.4564933539756182,Random
8,500,8,6,2455962.5,0.000762125,5,2494468.75,1.543665359608133,Random
8,500,9,6,2465550.0,0.0008835,5,2485718.75,0.8113850370239996,Random
8,500,10,3,2476137.5,0.000683666,5,2491537.5,0.6180922422399824,Random
8,500,11,5,2502650.0,0.00100375,5,2515468.75,0.5095968693707683,Random
8,500,12,6,2462656.25,0.000501166,5,2487243.75,0.9885440459946879,Random
8,500,13,0,2496218.75,0.000448458,5,2509825.0,0.5421194704810096,Random
8,500,14,6,2428675.0,0.000442792,5,2437775.0,0.37329121842663904,Random
8,500,15,5,2438381.25,0.000573708,5,2486681.25,1.9423478582146385,Random
8,500,16,6,2501862.5,0.000734792,5,2517568.75,0.6238657832085023,Random
8,500,17,6,2497493.75,0.000670501,5,2514068.75,0.6592898463894434,Random
8,500,18,3,2450550.0,0.000791375,5,2475793.75,1.0196224948059587,Random
8,500,19,6,2482875.0,0.000729542,5,2511225.0,1.1289310993638562,Random
8,1000,0,3,2667385.16,0.002372375,5,2699110.02,1.1753822469230013,Random
8,1000,1,6,2687997.59,0.0022885,5,2715595.18,1.0162630351995363,Random
8,1000,2,4,2660794.33,0.001110875,5,2676848.81,0.5997529610198635,Random
8,1000,3,2,2668760.38,0.002723416,5,2681608.62,0.47912435484340826,Random
8,1000,4,3,2618125.46,0.001684501,5,2633738.07,0.5927928132959657,Random
8,1000,5,6,2650265.39,0.001187792,5,2667260.25,0.6371654209595734,Random
8,1000,6,2,2651147.75,0.002070542,5,2679715.89,1.0660883904375449,Random
8,1000,7,6,2668708.86,0.001824791,5,2698595.17,1.1074765986481794,Random
8,1000,8,6,2652707.79,0.001276,5,2673601.2,0.7814706995194401,Random
8,1000,9,6,2638878.12,0.001868541,5,2679306.22,1.508901808170329,Random
8,1000,10,3,2657284.3,0.002005459,5,2662929.1,0.21197710445990764,Random
8,1000,11,6,2644706.58,0.001180583,5,2671690.6,1.0099979391326233,Random
8,1000,12,3,2624090.81,0.001074083,5,2656497.96,1.219920003251194,Random
8,1000,13,5,2662444.14,0.001755125,5,2674006.27,0.4323897864308257,Random
8,1000,14,3,2682855.18,0.001385916,5,2706846.02,0.8863023542063118,Random
8,1000,15,3,2665486.9,0.002134375,5,2710613.89,1.6648254539860055,Random
8,1000,16,6,2665514.94,0.001225708,5,2682188.08,0.621624565567383,Random
8,1000,17,6,2668575.13,0.001739374,5,2685153.37,0.6174038393941059,Random
8,1000,18,5,2642117.58,0.001473375,5,2677903.94,1.3363571211594645,Random
8,1000,19,4,2672974.87,0.001528959,5,2701530.34,1.0570108940549505,Random
8,2500,0,6,3598792.41,0.002740583,5,3658867.46,1.641902874503134,Random
8,2500,1,6,3590290.07,0.003241834,5,3665428.86,2.0499317506874224,Random
8,2500,2,0,3673673.19,0.0029975,5,3711113.25,1.0088633107599196,Random
8,2500,3,6,3613263.07,0.004565293,5,3678675.55,1.7781530094438467,Random
8,2500,4,0,3626574.6,0.003253751,5,3665591.34,1.064405068132875,Random
8,2500,5,6,3639787.26,0.004437667,5,3683732.05,1.1929420870880127,Random
8,2500,6,5,3646321.81,0.003929167,5,3688629.2,1.1469678220841533,Random
8,2500,7,6,3653952.53,0.004195292,5,3683256.14,0.7955897957180988,Random
8,2500,8,4,3608755.05,0.004607875,5,3699775.65,2.460165388677016,Random
8,2500,9,6,3636686.17,0.004119084,5,3688928.78,1.4162000167430684,Random
8,2500,10,6,3598615.41,0.003017208,5,3652180.2,1.4666524395483014,Random
8,2500,11,6,3654527.91,0.0046395,5,3696023.35,1.1227050283651465,Random
8,2500,12,5,3614941.72,0.003511251,5,3673384.32,1.590974287166327,Random
8,2500,13,6,3617968.17,0.003615749,5,3697392.27,2.1481112687023627,Random
8,2500,14,3,3650144.67,0.004185041,5,3690393.9,1.0906486161273998,Random
8,2500,15,6,3606739.37,0.001931624,5,3645498.51,1.0632054818752255,Random
8,2500,16,6,3677924.66,0.004100458,5,3711533.13,0.9055144820975837,Random
8,2500,17,5,3587865.3,0.004396834,5,3642465.79,1.4989980180431626,Random
8,2500,18,5,3620745.7,0.005302875,5,3671288.73,1.3767108423531647,Random
8,2500,19,3,3653498.04,0.003962626,5,3689527.88,0.976543372806817,Random
8,5000,0,5,5767449.9,0.003646042,5,5817005.54,0.8519097954993466,Random
8,5000,1,3,5693479.46,0.003486874,5,5756639.71,1.097172190406198,Random
8,5000,2,3,5750476.91,0.004475208,5,5800190.84,0.8571085223119952,Random
8,5000,3,4,5683882.69,0.003855041,5,5779109.22,1.6477717650748835,Random
8,5000,4,6,5683829.14000001,0.004000291,5,5769133.1,1.4786270055026072,Random
8,5000,5,5,5728374.15,0.004927749,5,5803227.44,1.2898562183528695,Random
8,5000,6,5,5840954.22,0.003441917,5,5850569.7,0.16435117421129855,Random
8,5000,7,3,5757361.48000001,0.0040875,5,5818509.3,1.050919004288436,Random
8,5000,8,6,5714779.78,0.00347075,5,5773947.42,1.0247346519826754,Random
8,5000,9,6,5692639.69,0.003973042,5,5756710.41,1.112974519070862,Random
8,5000,10,6,5730668.66,0.003487668,5,5807285.43,1.3193215818909654,Random
8,5000,11,6,5744523.69,0.003234125,5,5860328.56,1.9760815253675672,Random
8,5000,12,6,5826338.57,0.00366075,5,5862323.89,0.6138405293740836,Random
8,5000,13,4,5787234.26,0.003488374,5,5812085.71,0.42758230418457105,Random
8,5000,14,6,5764193.29,0.004188709,5,5820804.81,0.9725720385391098,Random
8,5000,15,4,5688610.14000001,0.003971001,5,5761809.0,1.270414552096227,Random
8,5000,16,5,5712866.91,0.003264667,5,5790685.7,1.3438614014226336,Random
8,5000,17,6,5766125.81000001,0.003216166,5,5833555.78,1.1558982641628297,Random
8,5000,18,0,5812709.52,0.002603625,5,5867576.62,0.9350896213776337,Random
8,5000,19,5,5668004.38,0.004737459,5,5766745.68,1.7122534177716646,Random
12,500,0,6,2907931.25,0.006245917,5,2952425.0,1.5070238871436192,Clustered
12,500,1,4,2886450.0,0.010986874,5,2952425.0,2.2346037579278053,Clustered
12,500,2,6,2935100.0,0.006294292,5,2952425.0,0.586805761365657,Clustered
12,500,3,6,2888593.75,0.0036125,5,2952425.0,2.1619939541224586,Clustered
12,500,4,0,2897256.25,0.01342375,5,2952425.0,1.86859107343963,Clustered
12,500,5,5,2837931.25,0.01079125,5,2952425.0,3.877956256297789,Clustered
12,500,6,6,2873631.25,0.013044499,5,2952425.0,2.6687807480291625,Clustered
12,500,7,6,2916425.0,0.007491709,5,2952425.0,1.2193366469935731,Clustered
12,500,8,6,2918912.5,0.013362667,5,2952425.0,1.1350838717325589,Clustered
12,500,9,2,2920575.0,0.01056575,5,2952425.0,1.0787742279651473,Clustered
12,500,10,3,2847950.0,0.0086735,5,2952425.0,3.5386165609625984,Clustered
12,500,11,6,2904212.5,0.009073124,5,2952425.0,1.6329796692549345,Clustered
12,500,12,5,2879231.25,0.008691916,5,2952425.0,2.479106158496829,Clustered
12,500,13,5,2920006.25,0.012474125,5,2952425.0,1.0980380534645249,Clustered
12,500,14,2,2902331.25,0.018923791,5,2952425.0,1.6966984766759527,Clustered
12,500,15,6,2836400.0,0.00773425,5,2952425.0,3.929820401873037,Clustered
12,500,16,5,2897081.25,0.007896959,5,2952425.0,1.8745184043625156,Clustered
12,500,17,5,2898393.75,0.016314833,5,2952425.0,1.8300634224408747,Clustered
12,500,18,2,2869431.25,0.010028166,5,2952425.0,2.8110366901784127,Clustered
12,500,19,3,2902550.0,0.011887125,5,2952425.0,1.6892893130223459,Clustered
12,1000,0,6,3416066.92,0.018635083,5,3498292.28,2.3504428280646654,Clustered
12,1000,1,3,3351078.01,0.021158917,5,3501995.0,4.309457609162783,Clustered
12,1000,2,6,3360007.42,0.022279334,5,3512495.0,4.341289596141776,Clustered
12,1000,3,3,3372845.84,0.019787293,5,3511389.0,3.945537221880006,Clustered
12,1000,4,5,3465467.6,0.015017458,5,3512495.0,1.3388602688402376,Clustered
12,1000,5,3,3404782.78,0.017927126,5,3511418.68,3.036832395047815,Clustered
12,1000,6,6,3321884.58,0.019438958,5,3509870.0,5.355908338485469,Clustered
12,1000,7,3,3437576.38,0.021372541,5,3488870.0,1.47020725908389,Clustered
12,1000,8,3,3440342.5,0.029442416,5,3501995.0,1.7604965169853184,Clustered
12,1000,9,5,3409060.2,0.022974334,5,3510342.64,2.8852579473552455,Clustered
12,1000,10,5,3428036.22,0.022008417,5,3512495.0,2.4045238498560084,Clustered
12,1000,11,6,3399800.95,0.022879833,5,3511419.8,3.1787384123083102,Clustered
12,1000,12,3,3429348.65,0.019964,5,3512495.0,2.3671592415078195,Clustered
12,1000,13,6,3419797.99,0.020494791,5,3512495.0,2.6390645395936443,Clustered
12,1000,14,6,3447487.61,0.02337475,5,3509870.0,1.7773418958536964,Clustered
12,1000,15,4,3416268.66,0.01984,5,3510341.8,2.679885474400233,Clustered
12,1000,16,6,3448457.25,0.017238916,5,3511419.8,1.7930795400766326,Clustered
12,1000,17,6,3453232.37,0.017930626,5,3499848.8,1.3319555404793402,Clustered
12,1000,18,4,3377078.74,0.01786,5,3507180.88,3.7095931020244293,Clustered
12,1000,19,4,3366754.88,0.022152541,5,3490357.08,3.5412479917384325,Clustered
12,2500,0,0,5021029.58,0.015287917,5,5284576.22,4.987091282789742,Clustered
12,2500,1,3,4886020.34,0.015407,5,5286590.4,7.5770965724902855,Clustered
12,2500,2,6,4982100.43,0.0199405,5,5182344.93,3.8639747586234097,Clustered
12,2500,3,4,4899655.97,0.023008376,5,5268557.86117701,7.00195197428461,Clustered
12,2500,4,3,4847706.43,0.014666292,5,5242953.1,7.538626847529876,Clustered
12,2500,5,5,4885873.64,0.016912459,5,5263778.8,7.179351077594677,Clustered
12,2500,6,6,4799786.27,0.026329167,5,5311522.93,9.634462031777394,Clustered
12,2500,7,2,4928738.33,0.018056918,5,5284195.56,6.7267993011219955,Clustered
12,2500,8,5,4704990.57,0.016958708,5,5229517.58702387,10.030122440459738,Clustered
12,2500,9,3,4910411.98,0.017616542,5,5264830.08,6.731805103195271,Clustered
12,2500,10,3,4797241.21,0.017250541,5,5275876.48,9.072147003714544,Clustered
12,2500,11,5,4994257.94,0.016975917,5,5265322.62,5.148111513060518,Clustered
12,2500,12,6,4918086.13,0.01793075,5,5311006.96,7.398236021140519,Clustered
12,2500,13,6,5033409.01,0.017217792,5,5284208.32,4.746204063355332,Clustered
12,2500,14,6,5003286.12,0.019587042,5,5318809.6,5.932219871153115,Clustered
12,2500,15,6,4841837.02,0.016676625,5,5233451.32,7.482907092369796,Clustered
12,2500,16,6,4864592.76,0.017936666,5,5235922.54992288,7.091964909380666,Clustered
12,2500,17,3,4738953.05,0.015967708,5,5267781.12,10.038915018549599,Clustered
12,2500,18,4,4832199.02,0.018418291,5,5318105.8,9.136839285897628,Clustered
12,2500,19,4,4918408.53,0.016661792,5,5212184.74,5.636335330662128,Clustered
12,5000,0,2,6965443.89,0.03568375,5,7522337.69,7.4032012779793295,Clustered
12,5000,1,6,6771635.78,0.035630667,5,7491358.48,9.607372306658059,Clustered
12,5000,2,5,6667414.15,0.02975825,5,7467900.5594962,10.719028770117982,Clustered
12,5000,3,3,6823560.32,0.029957417,5,7561088.14,9.75425502710777,Clustered
12,5000,4,6,6641087.41,0.032699708,5,7513671.19,11.613281416431004,Clustered
12,5000,5,6,6768566.06,0.032481334,5,7599746.3,10.936947197829488,Clustered
12,5000,6,2,6411321.71,0.023887375,5,7351685.03,12.791126335835424,Clustered
12,5000,7,6,6626646.57,0.025344208,5,7335832.28336959,9.667419946027405,Clustered
12,5000,8,6,6928800.82,0.025678208,5,7566976.85,8.433698723420825,Clustered
12,5000,9,4,6706028.08,0.029042083,5,7543774.27,11.105133319425258,Clustered
12,5000,10,3,6980082.1,0.028005458,5,7644546.74,8.692008337436114,Clustered
12,5000,11,6,6712703.66,0.0350955,5,7470638.83,10.14552017902865,Clustered
12,5000,12,5,6733197.95,0.045647417,5,7473773.76,9.908994221414586,Clustered
12,5000,13,4,6649360.42,0.028679292,5,7408629.93506895,10.248447037082084,Clustered
12,5000,14,6,6741939.82,0.029567042,5,7414284.70926302,9.068236729876684,Clustered
12,5000,15,2,6823216.77,0.029685001,5,7432394.38447294,8.19624986189615,Clustered
12,5000,16,0,6980823.21,0.039198834,5,7423634.11,5.9648804539479165,Clustered
12,5000,17,2,6858499.52,0.036898626,5,7364327.22,6.868620647739227,Clustered
12,5000,18,4,6738620.34,0.030813167,5,7514347.37,10.323278813233786,Clustered
12,5000,19,6,6792790.83,0.035978374,5,7479916.44503292,9.18627393878456,Clustered
4,500,0,1,962750.0,0.001956168,10,979500.0,1.7100561510974988,Realistic
4,500,1,1,965875.0,0.002811417,10,983450.0,1.7870761096141137,Realistic
4,500,2,5,971325.0,0.002163707,10,981100.0,0.9963306492712262,Realistic
4,500,3,6,963325.0,0.002569292,10,980275.0,1.729106628242075,Realistic
4,500,4,1,953100.0,0.000849416,10,980100.0,2.7548209366391188,Realistic
4,500,5,6,960450.0,0.001519917,10,976925.0,1.6864140031220411,Realistic
4,500,6,1,965650.0,0.001914916,10,982775.0,1.7425148177354939,Realistic
4,500,7,6,965225.0,0.002871875,10,982050.0,1.7132528893640853,Realistic
4,500,8,1,967275.0,0.000906667,10,979950.0,1.2934333384356345,Realistic
4,500,9,6,968700.0,0.002229583,10,978075.0,0.9585154512690744,Realistic
4,500,10,6,968200.0,0.003559792,10,981125.0,1.3173652694610778,Realistic
4,500,11,1,961700.0,0.001068542,10,982825.0,2.1494162236410346,Realistic
4,500,12,6,973850.0,0.001736583,10,981050.0,0.7339075480352684,Realistic
4,500,13,6,962225.0,0.001283958,10,978500.0,1.6632600919775167,Realistic
4,500,14,1,955825.0,0.000631167,10,977550.0,2.22239271648509,Realistic
4,500,15,6,961700.0,0.001971916,10,981950.0,2.062223127450481,Realistic
4,500,16,5,969650.0,0.0013975,10,981150.0,1.1720939713601386,Realistic
4,500,17,6,970525.0,0.001891667,10,983600.0,1.329300528670191,Realistic
4,500,18,1,966550.0,0.000561209,10,974675.0,0.8336112037345782,Realistic
4,500,19,6,974325.0,0.002135709,10,982400.0,0.8219666123778502,Realistic
4,1000,0,6,1636975.0,0.007161125,10,1686225.0,2.9207252887366755,Realistic
4,1000,1,6,1631275.0,0.007434959,10,1682025.0,3.0171965339397455,Realistic
4,1000,2,5,1663225.0,0.007199583,10,1702550.0,2.309770638160406,Realistic
4,1000,3,6,1623075.0,0.008493542,10,1693475.0,4.157132523361726,Realistic
4,1000,4,4,1665125.0,0.007559625,10,1691250.0,1.5447154471544715,Realistic
4,1000,5,4,1640075.0,0.006573041,10,1676800.0,2.190183683206107,Realistic
4,1000,6,6,1642025.0,0.008720833,10,1682725.0,2.4186958653374733,Realistic
4,1000,7,5,1642300.0,0.008053541,10,1700625.0,3.429621462697538,Realistic
4,1000,8,6,1670825.0,0.011683958,10,1700100.0,1.7219575319098877,Realistic
4,1000,9,4,1627250.0,0.007601333,10,1692825.0,3.8737022432915396,Realistic
4,1000,10,2,1653275.0,0.012505792,10,1690575.0,2.2063499105333984,Realistic
4,1000,11,6,1651175.0,0.0101295,10,1687100.0,2.129393634046589,Realistic
4,1000,12,6,1632425.0,0.008177458,10,1684200.0,3.0741598384989905,Realistic
4,1000,13,6,1685275.0,0.011501041,10,1707750.0,1.3160591421460988,Realistic
4,1000,14,6,1635325.0,0.009583541,10,1687100.0,3.0688755853239287,Realistic
4,1000,15,5,1628725.0,0.008098625,10,1686000.0,3.397093712930012,Realistic
4,1000,16,5,1624925.0,0.00894025,10,1689300.0,3.8107500147990288,Realistic
4,1000,17,4,1627600.0,0.009391916,10,1694475.0,3.946650142374482,Realistic
4,1000,18,4,1651125.0,0.009533292,10,1687225.0,2.1396079361081064,Realistic
4,1000,19,5,1630400.0,0.007323292,10,1688575.0,3.4452126793302043,Realistic
4,2500,0,6,3411675.0,0.00821175,10,3557175.0,4.090324485019714,Realistic
4,2500,1,6,3509350.0,0.009801874,10,3596850.0,2.432684154190472,Realistic
4,2500,2,6,3425300.0,0.006798083,10,3550675.0,3.531018749955994,Realistic
4,2500,3,6,3413125.0,0.007469084,10,3563700.0,4.225243426775542,Realistic
4,2500,4,4,3423675.0,0.008888625,10,3566000.0,3.9911665731912507,Realistic
4,2500,5,6,3426425.0,0.007024958,10,3547950.0,3.425217379049874,Realistic
4,2500,6,6,3448775.0,0.008253708,10,3541975.0,2.631300333853288,Realistic
4,2500,7,6,3411675.0,0.00843675,10,3556425.0,4.07009848373015,Realistic
4,2500,8,5,3463200.0,0.011018417,10,3569950.0,2.9902379585148253,Realistic
4,2500,9,5,3495750.0,0.009601375,10,3593700.0,2.7256031388262794,Realistic
4,2500,10,6,3481000.0,0.008893291,10,3568825.0,2.460893991719964,Realistic
4,2500,11,2,3448175.0,0.010121126,10,3567550.0,3.346133901416939,Realistic
4,2500,12,6,3429125.0,0.010858208,10,3556275.0,3.5753702961666347,Realistic
4,2500,13,6,3450375.0,0.008526459,10,3554950.0,2.941672878662147,Realistic
4,2500,14,6,3419325.0,0.007407583,10,3581550.0,4.529463500439753,Realistic
4,2500,15,6,3400275.0,0.007157458,10,3557775.0,4.426924130952632,Realistic
4,2500,16,6,3482525.0,0.008891584,10,3593875.0,3.0983270147125315,Realistic
4,2500,17,5,3380300.0,0.01021,10,3538350.0,4.466771235180239,Realistic
4,2500,18,6,3475425.0,0.007310125,10,3570575.0,2.6648368960181483,Realistic
4,2500,19,6,3392450.0,0.007360334,10,3550600.0,4.454176758857658,Realistic
4,5000,0,6,5882750.0,0.005913542,10,6135925.0,4.126109755252876,Realistic
4,5000,1,3,5883225.0,0.007749709,10,6125525.0,3.9555793176911367,Realistic
4,5000,2,4,5811500.0,0.008769583,10,6126650.0,5.143920413276423,Realistic
4,5000,3,4,5875500.0,0.009686458,10,6186675.0,5.0297615439634376,Realistic
4,5000,4,6,5776825.0,0.008268999,10,6064800.0,4.748301675240733,Realistic
4,5000,5,6,5926150.0,0.006164375,10,6105275.0,2.9339382746886913,Realistic
4,5000,6,5,5801075.0,0.005932457,10,6172875.0,6.02312536702914,Realistic
4,5000,7,4,5696850.0,0.007856416,10,6072650.0,6.1884020979308865,Realistic
4,5000,8,6,5917675.0,0.007662208,10,6196900.0,4.505881973244687,Realistic
4,5000,9,6,5893925.0,0.010063916,10,6259575.0,5.84145089722545,Realistic
4,5000,10,2,5958850.0,0.008480791,10,6162200.0,3.299957807276622,Realistic
4,5000,11,6,5914125.0,0.006261833,10,6066250.0,2.507727179064496,Realistic
4,5000,12,6,5841350.0,0.011091208,10,6153525.0,5.073108502849992,Realistic
4,5000,13,5,5862175.0,0.008065666,10,6198325.0,5.42323934288699,Realistic
4,5000,14,5,5918675.0,0.00980875,10,6196575.0,4.484735519218278,Realistic
4,5000,15,5,5846125.0,0.012477959,10,6092500.0,4.043906442347148,Realistic
4,5000,16,5,5896350.0,0.008243791,10,6132450.0,3.850011007020033,Realistic
4,5000,17,5,5956875.0,0.005093333,10,6203425.0,3.974417358152956,Realistic
4,5000,18,6,5851875.0,0.005793291,10,6110475.0,4.2320768843666,Realistic
4,5000,19,5,5879850.0,0.005726167,10,6172850.0,4.746591930793718,Realistic
8,500,0,6,2477925.0,0.000622166,10,2495956.25,0.7224185119430679,Random
8,500,1,0,2497925.0,0.000949959,10,2511881.25,0.5556094660127743,Random
8,500,2,6,2491012.5,0.001392125,10,2514418.75,0.9308811430077032,Random
8,500,3,5,2466168.75,0.000683541,10,2487600.0,0.8615231548480463,Random
8,500,4,6,2496131.25,0.001223166,10,2508556.25,0.495304819256096,Random
8,500,5,5,2467431.25,0.00104975,10,2491100.0,0.9501324715988921,Random
8,500,6,6,2464937.5,0.001360999,10,2514418.75,1.9679001359658173,Random
8,500,7,1,2438650.0,0.000839543,10,2474693.75,1.4564933539756182,Random
8,500,8,5,2455962.5,0.001006125,10,2494468.75,1.543665359608133,Random
8,500,9,5,2465550.0,0.001069792,10,2485718.75,0.8113850370239996,Random
8,500,10,6,2476137.5,0.001258292,10,2491537.5,0.6180922422399824,Random
8,500,11,1,2502650.0,0.001018917,10,2515468.75,0.5095968693707683,Random
8,500,12,1,2462656.25,0.000547709,10,2487243.75,0.9885440459946879,Random
8,500,13,0,2496218.75,0.000371458,10,2509825.0,0.5421194704810096,Random
8,500,14,4,2428675.0,0.000613833,10,2437775.0,0.37329121842663904,Random
8,500,15,1,2438381.25,0.000815834,10,2486681.25,1.9423478582146385,Random
8,500,16,1,2501862.5,0.000780208,10,2517568.75,0.6238657832085023,Random
8,500,17,4,2497493.75,0.001039,10,2514068.75,0.6592898463894434,Random
8,500,18,1,2450550.0,0.000870375,10,2475793.75,1.0196224948059587,Random
8,500,19,3,2482875.0,0.001802541,10,2511225.0,1.1289310993638562,Random
8,1000,0,3,2667385.16,0.004265583,10,2699110.02,1.1753822469230013,Random
8,1000,1,4,2687997.59,0.004657792,10,2715595.18,1.0162630351995363,Random
8,1000,2,6,2660794.33,0.002685166,10,2676848.81,0.5997529610198635,Random
8,1000,3,6,2668760.38,0.004431375,10,2681608.62,0.47912435484340826,Random
8,1000,4,6,2618125.46,0.001491667,10,2633738.07,0.5927928132959657,Random
8,1000,5,5,2650265.39,0.001656709,10,2667260.25,0.6371654209595734,Random
8,1000,6,6,2651147.75,0.002348666,10,2679715.89,1.0660883904375449,Random
8,1000,7,6,2668708.86,0.002952376,10,2698595.17,1.1074765986481794,Random
8,1000,8,5,2652707.79,0.001828959,10,2673601.2,0.7814706995194401,Random
8,1000,9,6,2638878.12,0.003524084,10,2679306.22,1.508901808170329,Random
8,1000,10,6,2657284.3,0.002776541,10,2662929.1,0.21197710445990764,Random
8,1000,11,6,2644706.58,0.001257542,10,2671690.6,1.0099979391326233,Random
8,1000,12,6,2624090.81,0.001966291,10,2656497.96,1.219920003251194,Random
8,1000,13,5,2662444.14,0.003287876,10,2674006.27,0.4323897864308257,Random
8,1000,14,6,2682855.18,0.002413334,10,2706846.02,0.8863023542063118,Random
8,1000,15,3,2665486.9,0.0044135,10,2710613.89,1.6648254539860055,Random
8,1000,16,5,2670063.73,0.00225925,10,2682188.08,0.45203205884056025,Random
8,1000,17,6,2668575.13,0.002318875,10,2685153.37,0.6174038393941059,Random
8,1000,18,5,2642117.58,0.002282084,10,2677903.94,1.3363571211594645,Random
8,1000,19,6,2672974.87,0.001706417,10,2701530.34,1.0570108940549505,Random
8,2500,0,6,3598792.41,0.004481292,10,3658867.46,1.641902874503134,Random
8,2500,1,5,3590290.07,0.004907166,10,3665428.86,2.0499317506874224,Random
8,2500,2,5,3673673.19,0.008482625,10,3711113.25,1.0088633107599196,Random
8,2500,3,6,3613263.07,0.005388666,10,3678675.55,1.7781530094438467,Random
8,2500,4,5,3626574.6,0.005891793,10,3665591.34,1.064405068132875,Random
8,2500,5,6,3639787.26,0.006864958,10,3683732.05,1.1929420870880127,Random
8,2500,6,6,3646321.81,0.006469501,10,3688629.2,1.1469678220841533,Random
8,2500,7,6,3653952.53,0.005530542,10,3683256.14,0.7955897957180988,Random
8,2500,8,5,3608755.05,0.00860525,10,3699775.65,2.460165388677016,Random
8,2500,9,3,3636686.17,0.005259666,10,3688928.78,1.4162000167430684,Random
8,2500,10,6,3598615.41,0.004255875,10,3652180.2,1.4666524395483014,Random
8,2500,11,6,3654527.91,0.005165292,10,3696023.35,1.1227050283651465,Random
8,2500,12,6,3614941.72,0.005043583,10,3673384.32,1.590974287166327,Random
8,2500,13,6,3617968.17,0.005354082,10,3697392.27,2.1481112687023627,Random
8,2500,14,6,3650144.67,0.004964999,10,3690393.9,1.0906486161273998,Random
8,2500,15,6,3606739.37,0.003195583,10,3645498.51,1.0632054818752255,Random
8,2500,16,6,3677924.66,0.006637042,10,3711533.13,0.9055144820975837,Random
8,2500,17,4,3596201.69,0.0087,10,3642465.79,1.2701313524210227,Random
8,2500,18,6,3620745.7,0.0099405,10,3671288.73,1.3767108423531647,Random
8,2500,19,5,3653498.04,0.008762917,10,3689527.88,0.976543372806817,Random
8,5000,0,5,5767449.9,0.006625625,10,5817005.54,0.8519097954993466,Random
8,5000,1,6,5693479.46,0.007711584,10,5756639.71,1.097172190406198,Random
8,5000,2,5,5752495.78,0.008040749,10,5800190.84,0.8223015641326655,Random
8,5000,3,5,5683882.69,0.00753575,10,5779109.22,1.6477717650748835,Random
8,5000,4,3,5683829.14000001,0.00862625,10,5769133.1,1.4786270055026072,Random
8,5000,5,5,5728374.15,0.005251666,10,5803227.44,1.2898562183528695,Random
8,5000,6,5,5840954.22,0.008358625,10,5850569.7,0.16435117421129855,Random
8,5000,7,5,5757361.48000001,0.006753543,10,5818509.3,1.050919004288436,Random
8,5000,8,6,5714779.78,0.00680375,10,5773947.42,1.0247346519826754,Random
8,5000,9,3,5692639.69,0.008126626,10,5756710.41,1.112974519070862,Random
8,5000,10,6,5730668.66,0.008719833,10,5807285.43,1.3193215818909654,Random
8,5000,11,5,5744523.69,0.006326791,10,5860328.56,1.9760815253675672,Random
8,5000,12,6,5826338.57,0.006106083,10,5862323.89,0.6138405293740836,Random
8,5000,13,6,5787234.26,0.005234542,10,5812085.71,0.42758230418457105,Random
8,5000,14,5,5764193.29,0.007925875,10,5820804.81,0.9725720385391098,Random
8,5000,15,5,5688610.14000001,0.00547,10,5761809.0,1.270414552096227,Random
8,5000,16,5,5712866.91,0.006982417,10,5790685.7,1.3438614014226336,Random
8,5000,17,5,5766125.81000001,0.006810249,10,5833555.78,1.1558982641628297,Random
8,5000,18,0,5812709.52,0.003096916,10,5867576.62,0.9350896213776337,Random
8,5000,19,5,5668004.38,0.007770375,10,5766745.68,1.7122534177716646,Random
12,500,0,6,2907931.25,0.010043124,10,2952425.0,1.5070238871436192,Clustered
12,500,1,5,2886450.0,0.017201834,10,2952425.0,2.2346037579278053,Clustered
12,500,2,6,2935100.0,0.009648875,10,2952425.0,0.586805761365657,Clustered
12,500,3,5,2888593.75,0.006203792,10,2952425.0,2.1619939541224586,Clustered
12,500,4,4,2907756.25,0.022714125,10,2952425.0,1.5129512180665046,Clustered
12,500,5,5,2837931.25,0.021329958,10,2952425.0,3.877956256297789,Clustered
12,500,6,3,2873631.25,0.024529207,10,2952425.0,2.6687807480291625,Clustered
12,500,7,6,2916425.0,0.012011208,10,2952425.0,1.2193366469935731,Clustered
12,500,8,6,2918912.5,0.023538582,10,2952425.0,1.1350838717325589,Clustered
12,500,9,6,2925825.0,0.018505666,10,2952425.0,0.9009543002785846,Clustered
12,500,10,6,2859325.0,0.017009,10,2952425.0,3.153340050975046,Clustered
12,500,11,0,2904212.5,0.011471458,10,2952425.0,1.6329796692549345,Clustered
12,500,12,6,2879231.25,0.018006709,10,2952425.0,2.479106158496829,Clustered
12,500,13,6,2920006.25,0.021264833,10,2952425.0,1.0980380534645249,Clustered
12,500,14,6,2902331.25,0.027703417,10,2952425.0,1.6966984766759527,Clustered
12,500,15,3,2853025.0,0.015948083,10,2952425.0,3.3667239641989215,Clustered
12,500,16,6,2897081.25,0.009142042,10,2952425.0,1.8745184043625156,Clustered
12,500,17,6,2898393.75,0.029699459,10,2952425.0,1.8300634224408747,Clustered
12,500,18,4,2869431.25,0.020504708,10,2952425.0,2.8110366901784127,Clustered
12,500,19,3,2902550.0,0.017755166,10,2952425.0,1.6892893130223459,Clustered
12,1000,0,6,3450724.2,0.028421375,10,3498292.28,1.3597514499274375,Clustered
12,1000,1,3,3366422.08,0.035282667,10,3501995.0,3.871305355947108,Clustered
12,1000,2,6,3377840.9,0.03508025,10,3512495.0,3.8335741403190635,Clustered
12,1000,3,6,3433300.08,0.03215,10,3511389.0,2.223875509093408,Clustered
12,1000,4,6,3465467.6,0.026498625,10,3512495.0,1.3388602688402376,Clustered
12,1000,5,3,3423327.88,0.031058667,10,3511418.68,2.508695431329205,Clustered
12,1000,6,6,3404931.53,0.03453475,10,3509870.0,2.989810733730885,Clustered
12,1000,7,6,3437576.38,0.033064,10,3488870.0,1.47020725908389,Clustered
12,1000,8,6,3440342.5,0.049405458,10,3501995.0,1.7604965169853184,Clustered
12,1000,9,6,3409060.2,0.029271875,10,3510342.64,2.8852579473552455,Clustered
12,1000,10,6,3452703.73,0.034202083,10,3512495.0,1.702244985402115,Clustered
12,1000,11,6,3399800.95,0.031845167,10,3511419.8,3.1787384123083102,Clustered
12,1000,12,6,3429348.65,0.030337125,10,3512495.0,2.3671592415078195,Clustered
12,1000,13,6,3419797.99,0.032490792,10,3512495.0,2.6390645395936443,Clustered
12,1000,14,6,3474949.45,0.038864749,10,3509870.0,0.9949243134361049,Clustered
12,1000,15,6,3436419.77,0.032618584,10,3510341.8,2.105835676742356,Clustered
12,1000,16,5,3456888.33,0.03828075,10,3511419.8,1.5529749533222927,Clustered
12,1000,17,6,3460585.45,0.032321709,10,3499848.8,1.1218584642856466,Clustered
12,1000,18,6,3427890.13,0.026784042,10,3507180.88,2.26081153818334,Clustered
12,1000,19,6,3377255.56,0.044541708,10,3490357.08,3.2403996899938963,Clustered
12,2500,0,0,5021029.58,0.029636084,10,5284576.22,4.987091282789742,Clustered
12,2500,1,6,4886020.34,0.024810834,10,5286590.4,7.5770965724902855,Clustered
12,2500,2,6,5009260.9,0.03340575,10,5182344.93,3.3398786135989478,Clustered
12,2500,3,6,4962319.53,0.024125209,10,5268557.86117701,5.812564638107546,Clustered
12,2500,4,6,4847706.43,0.022379916,10,5242953.1,7.538626847529876,Clustered
12,2500,5,5,4964598.77,0.029914709,10,5263778.8,5.683750046639504,Clustered
12,2500,6,6,4799786.27,0.033723833,10,5311522.93,9.634462031777394,Clustered
12,2500,7,6,4928738.33,0.034884583,10,5284195.56,6.7267993011219955,Clustered
12,2500,8,5,4735086.51,0.029216833,10,5229517.58702387,9.454621172911134,Clustered
12,2500,9,4,5064782.28,0.025322917,10,5264830.08,3.7997009772440715,Clustered
12,2500,10,6,4813103.37,0.024978417,10,5275876.48,8.771492504691851,Clustered
12,2500,11,6,4994257.94,0.027362458,10,5265322.62,5.148111513060518,Clustered
12,2500,12,6,4956217.84,0.025709292,10,5311006.96,6.68026087467225,Clustered
12,2500,13,6,5033409.01,0.030741709,10,5284208.32,4.746204063355332,Clustered
12,2500,14,6,5110405.16,0.028030709,10,5318809.6,3.9182534377617033,Clustered
12,2500,15,6,5074085.82,0.031661334,10,5233451.32,3.04513198376325,Clustered
12,2500,16,3,4884929.56,0.039465375,10,5235922.54992288,6.703555802750557,Clustered
12,2500,17,5,4838460.01,0.024138501,10,5267781.12,8.149942076560697,Clustered
12,2500,18,6,4920402.52,0.029603542,10,5318105.8,7.478288228113106,Clustered
12,2500,19,6,4918408.53,0.025846124,10,5212184.74,5.636335330662128,Clustered
12,5000,0,6,6965443.89,0.059143458,10,7522337.69,7.4032012779793295,Clustered
12,5000,1,6,6771635.78,0.050399625,10,7491358.48,9.607372306658059,Clustered
12,5000,2,6,6667414.15,0.040321249,10,7467900.5594962,10.719028770117982,Clustered
12,5000,3,6,6823560.32,0.050596125,10,7561088.14,9.75425502710777,Clustered
12,5000,4,6,6798218.83,0.052347208,10,7513671.19,9.522007842879804,Clustered
12,5000,5,6,6768566.06,0.050243542,10,7599746.3,10.936947197829488,Clustered
12,5000,6,5,6497608.33,0.040994667,10,7351685.03,11.617427793965218,Clustered
12,5000,7,6,6703922.76,0.047910626,10,7335832.28336959,8.614012684043166,Clustered
12,5000,8,6,6989842.81,0.047159375,10,7566976.85,7.627009457548427,Clustered
12,5000,9,6,6706028.08,0.043464292,10,7543774.27,11.105133319425258,Clustered
12,5000,10,6,6980082.1,0.048519958,10,7644546.74,8.692008337436114,Clustered
12,5000,11,6,6712703.66,0.0448795,10,7470638.83,10.14552017902865,Clustered
12,5000,12,4,6733197.95,0.075142542,10,7473773.76,9.908994221414586,Clustered
12,5000,13,6,6664460.05,0.052618209,10,7408629.93506895,10.04463566936178,Clustered
12,5000,14,6,6743102.77,0.045198,10,7414284.70926302,9.052551467634915,Clustered
12,5000,15,6,6823216.77,0.046182541,10,7432394.38447294,8.19624986189615,Clustered
12,5000,16,6,6980823.21,0.054372376,10,7423634.11,5.9648804539479165,Clustered
12,5000,17,6,6858499.52,0.06082975,10,7364327.22,6.868620647739227,Clustered
12,5000,18,6,6738620.34,0.044625251,10,7514347.37,10.323278813233786,Clustered
12,5000,19,6,6792790.83,0.04122725,10,7479916.44503292,9.18627393878456,Clustered
4,500,0,5,962750.0,0.005069167,20,979500.0,1.7100561510974988,Realistic
4,500,1,5,965875.0,0.004698709,20,983450.0,1.7870761096141137,Realistic
4,500,2,6,971325.0,0.005302292,20,981100.0,0.9963306492712262,Realistic
4,500,3,6,963325.0,0.004296,20,980275.0,1.729106628242075,Realistic
4,500,4,1,953100.0,0.001093125,20,980100.0,2.7548209366391188,Realistic
4,500,5,5,960450.0,0.005781291,20,976925.0,1.6864140031220411,Realistic
4,500,6,1,965650.0,0.00289475,20,982775.0,1.7425148177354939,Realistic
4,500,7,6,965225.0,0.003864291,20,982050.0,1.7132528893640853,Realistic
4,500,8,1,967275.0,0.001441792,20,979950.0,1.2934333384356345,Realistic
4,500,9,6,968700.0,0.002818499,20,978075.0,0.9585154512690744,Realistic
4,500,10,1,968200.0,0.003110917,20,981125.0,1.3173652694610778,Realistic
4,500,11,1,961700.0,0.00303075,20,982825.0,2.1494162236410346,Realistic
4,500,12,1,973850.0,0.003007459,20,981050.0,0.7339075480352684,Realistic
4,500,13,5,962225.0,0.006852041,20,978500.0,1.6632600919775167,Realistic
4,500,14,1,955825.0,0.001795417,20,977550.0,2.22239271648509,Realistic
4,500,15,6,961700.0,0.002028417,20,981950.0,2.062223127450481,Realistic
4,500,16,5,969650.0,0.001901249,20,981150.0,1.1720939713601386,Realistic
4,500,17,6,970525.0,0.0049315,20,983600.0,1.329300528670191,Realistic
4,500,18,1,966550.0,0.000554792,20,974675.0,0.8336112037345782,Realistic
4,500,19,6,974325.0,0.005453167,20,982400.0,0.8219666123778502,Realistic
4,1000,0,6,1636975.0,0.027480126,20,1686225.0,2.9207252887366755,Realistic
4,1000,1,6,1631275.0,0.023647957,20,1682025.0,3.0171965339397455,Realistic
4,1000,2,6,1663225.0,0.015836126,20,1702550.0,2.309770638160406,Realistic
4,1000,3,5,1623075.0,0.027647,20,1693475.0,4.157132523361726,Realistic
4,1000,4,6,1665125.0,0.014869208,20,1691250.0,1.5447154471544715,Realistic
4,1000,5,5,1640075.0,0.0094875,20,1676800.0,2.190183683206107,Realistic
4,1000,6,6,1642025.0,0.019144292,20,1682725.0,2.4186958653374733,Realistic
4,1000,7,5,1642300.0,0.02259075,20,1700625.0,3.429621462697538,Realistic
4,1000,8,6,1670825.0,0.009011917,20,1700100.0,1.7219575319098877,Realistic
4,1000,9,4,1627250.0,0.023693291,20,1692825.0,3.8737022432915396,Realistic
4,1000,10,6,1653275.0,0.018763126,20,1690575.0,2.2063499105333984,Realistic
4,1000,11,4,1651175.0,0.02379575,20,1687100.0,2.129393634046589,Realistic
4,1000,12,6,1632425.0,0.010910625,20,1684200.0,3.0741598384989905,Realistic
4,1000,13,6,1685275.0,0.018935542,20,1707750.0,1.3160591421460988,Realistic
4,1000,14,6,1635325.0,0.027474875,20,1687100.0,3.0688755853239287,Realistic
4,1000,15,5,1628725.0,0.024806584,20,1686000.0,3.397093712930012,Realistic
4,1000,16,5,1624925.0,0.021189834,20,1689300.0,3.8107500147990288,Realistic
4,1000,17,5,1627600.0,0.018790708,20,1694475.0,3.946650142374482,Realistic
4,1000,18,6,1651125.0,0.009913916,20,1687225.0,2.1396079361081064,Realistic
4,1000,19,5,1630400.0,0.018167958,20,1688575.0,3.4452126793302043,Realistic
4,2500,0,4,3411675.0,0.032879667,20,3557175.0,4.090324485019714,Realistic
4,2500,1,4,3509350.0,0.025260293,20,3596850.0,2.432684154190472,Realistic
4,2500,2,5,3425300.0,0.022463209,20,3550675.0,3.531018749955994,Realistic
4,2500,3,6,3413125.0,0.012012458,20,3563700.0,4.225243426775542,Realistic
4,2500,4,4,3423675.0,0.022143208,20,3566000.0,3.9911665731912507,Realistic
4,2500,5,6,3426425.0,0.012636291,20,3547950.0,3.425217379049874,Realistic
4,2500,6,6,3448775.0,0.013479792,20,3541975.0,2.631300333853288,Realistic
4,2500,7,6,3444050.0,0.010065709,20,3556425.0,3.159774211462353,Realistic
4,2500,8,4,3463200.0,0.021238375,20,3569950.0,2.9902379585148253,Realistic
4,2500,9,6,3495750.0,0.019701625,20,3593700.0,2.7256031388262794,Realistic
4,2500,10,5,3481000.0,0.014651167,20,3568825.0,2.460893991719964,Realistic
4,2500,11,6,3448175.0,0.014525,20,3567550.0,3.346133901416939,Realistic
4,2500,12,5,3429125.0,0.016624166,20,3556275.0,3.5753702961666347,Realistic
4,2500,13,6,3450375.0,0.021247208,20,3554950.0,2.941672878662147,Realistic
4,2500,14,6,3419325.0,0.017425792,20,3581550.0,4.529463500439753,Realistic
4,2500,15,6,3400275.0,0.020105459,20,3557775.0,4.426924130952632,Realistic
4,2500,16,6,3482525.0,0.023985249,20,3593875.0,3.0983270147125315,Realistic
4,2500,17,1,3380300.0,0.020065084,20,3538350.0,4.466771235180239,Realistic
4,2500,18,6,3475425.0,0.017266125,20,3570575.0,2.6648368960181483,Realistic
4,2500,19,4,3392450.0,0.027602499,20,3550600.0,4.454176758857658,Realistic
4,5000,0,6,5882750.0,0.010866875,20,6135925.0,4.126109755252876,Realistic
4,5000,1,6,5883225.0,0.013436083,20,6125525.0,3.9555793176911367,Realistic
4,5000,2,6,5811500.0,0.018509208,20,6126650.0,5.143920413276423,Realistic
4,5000,3,5,5883000.0,0.022394708,20,6186675.0,4.908533258979985,Realistic
4,5000,4,5,5776825.0,0.016251834,20,6064800.0,4.748301675240733,Realistic
4,5000,5,6,5926150.0,0.009803832,20,6105275.0,2.9339382746886913,Realistic
4,5000,6,5,5801075.0,0.01008025,20,6172875.0,6.02312536702914,Realistic
4,5000,7,6,5696850.0,0.0166815,20,6072650.0,6.1884020979308865,Realistic
4,5000,8,6,5917675.0,0.010775084,20,6196900.0,4.505881973244687,Realistic
4,5000,9,5,5893925.0,0.017924459,20,6259575.0,5.84145089722545,Realistic
4,5000,10,5,5958850.0,0.015597833,20,6162200.0,3.299957807276622,Realistic
4,5000,11,6,5914125.0,0.01963375,20,6066250.0,2.507727179064496,Realistic
4,5000,12,6,5841350.0,0.016618583,20,6153525.0,5.073108502849992,Realistic
4,5000,13,6,5862175.0,0.016653333,20,6198325.0,5.42323934288699,Realistic
4,5000,14,5,5918675.0,0.01998575,20,6196575.0,4.484735519218278,Realistic
4,5000,15,5,5859525.0,0.025948541,20,6092500.0,3.823963890028724,Realistic
4,5000,16,6,5896350.0,0.012061958,20,6132450.0,3.850011007020033,Realistic
4,5000,17,5,5956875.0,0.014185917,20,6203425.0,3.974417358152956,Realistic
4,5000,18,6,5851875.0,0.015223708,20,6110475.0,4.2320768843666,Realistic
4,5000,19,6,5879850.0,0.009986124,20,6172850.0,4.746591930793718,Realistic
8,500,0,4,2477925.0,0.001425625,20,2495956.25,0.7224185119430679,Random
8,500,1,0,2497925.0,0.000454042,20,2511881.25,0.5556094660127743,Random
8,500,2,5,2491012.5,0.001313001,20,2514418.75,0.9308811430077032,Random
8,500,3,6,2466168.75,0.000913958,20,2487600.0,0.8615231548480463,Random
8,500,4,4,2496131.25,0.0011745,20,2508556.25,0.495304819256096,Random
8,500,5,6,2467431.25,0.001235292,20,2491100.0,0.9501324715988921,Random
8,500,6,4,2464937.5,0.002030625,20,2514418.75,1.9679001359658173,Random
8,500,7,6,2438650.0,0.001115292,20,2474693.75,1.4564933539756182,Random
8,500,8,5,2455962.5,0.002923042,20,2494468.75,1.543665359608133,Random
8,500,9,6,2465550.0,0.001780791,20,2485718.75,0.8113850370239996,Random
8,500,10,4,2476137.5,0.002801126,20,2491537.5,0.6180922422399824,Random
8,500,11,4,2502650.0,0.003341249,20,2515468.75,0.5095968693707683,Random
8,500,12,5,2462656.25,0.001482667,20,2487243.75,0.9885440459946879,Random
8,500,13,6,2496218.75,0.000969916,20,2509825.0,0.5421194704810096,Random
8,500,14,6,2428675.0,0.000983959,20,2437775.0,0.37329121842663904,Random
8,500,15,5,2438381.25,0.001644792,20,2486681.25,1.9423478582146385,Random
8,500,16,4,2501862.5,0.002065,20,2517568.75,0.6238657832085023,Random
8,500,17,6,2497493.75,0.001679374,20,2514068.75,0.6592898463894434,Random
8,500,18,6,2450550.0,0.002430459,20,2475793.75,1.0196224948059587,Random
8,500,19,5,2482875.0,0.002105709,20,2511225.0,1.1289310993638562,Random
8,1000,0,6,2667385.16,0.004626417,20,2699110.02,1.1753822469230013,Random
8,1000,1,5,2687997.59,0.008193708,20,2715595.18,1.0162630351995363,Random
8,1000,2,6,2660794.33,0.0027075,20,2676848.81,0.5997529610198635,Random
8,1000,3,6,2668760.38,0.007016333,20,2681608.62,0.47912435484340826,Random
8,1000,4,4,2618125.46,0.003545875,20,2633738.07,0.5927928132959657,Random
8,1000,5,5,2650265.39,0.001950417,20,2667260.25,0.6371654209595734,Random
8,1000,6,6,2651147.75,0.0047285,20,2679715.89,1.0660883904375449,Random
8,1000,7,6,2668708.86,0.0050845,20,2698595.17,1.1074765986481794,Random
8,1000,8,6,2652707.79,0.007290459,20,2673601.2,0.7814706995194401,Random
8,1000,9,6,2638878.12,0.007494917,20,2679306.22,1.508901808170329,Random
8,1000,10,6,2657284.3,0.007947874,20,2662929.1,0.21197710445990764,Random
8,1000,11,1,2644706.58,0.005873875,20,2671690.6,1.0099979391326233,Random
8,1000,12,3,2624090.81,0.003080125,20,2656497.96,1.219920003251194,Random
8,1000,13,5,2662444.14,0.004231042,20,2674006.27,0.4323897864308257,Random
8,1000,14,4,2682855.18,0.007354583,20,2706846.02,0.8863023542063118,Random
8,1000,15,6,2665486.9,0.006624249,20,2710613.89,1.6648254539860055,Random
8,1000,16,6,2670063.73,0.004867291,20,2682188.08,0.45203205884056025,Random
8,1000,17,3,2668575.13,0.008127917,20,2685153.37,0.6174038393941059,Random
8,1000,18,6,2642117.58,0.004737334,20,2677903.94,1.3363571211594645,Random
8,1000,19,6,2672974.87,0.006773417,20,2701530.34,1.0570108940549505,Random
8,2500,0,4,3598792.41,0.007345958,20,3658867.46,1.641902874503134,Random
8,2500,1,6,3590290.07,0.009019792,20,3665428.86,2.0499317506874224,Random
8,2500,2,5,3673673.19,0.018141376,20,3711113.25,1.0088633107599196,Random
8,2500,3,6,3613263.07,0.00880525,20,3678675.55,1.7781530094438467,Random
8,2500,4,6,3626574.6,0.009758084,20,3665591.34,1.064405068132875,Random
8,2500,5,5,3639787.26,0.009299625,20,3683732.05,1.1929420870880127,Random
8,2500,6,6,3646321.81,0.00852375,20,3688629.2,1.1469678220841533,Random
8,2500,7,6,3653952.53,0.008343418,20,3683256.14,0.7955897957180988,Random
8,2500,8,6,3608755.05,0.013648167,20,3699775.65,2.460165388677016,Random
8,2500,9,6,3636686.17,0.015124,20,3688928.78,1.4162000167430684,Random
8,2500,10,5,3598615.41,0.010350084,20,3652180.2,1.4666524395483014,Random
8,2500,11,5,3654527.91,0.014564084,20,3696023.35,1.1227050283651465,Random
8,2500,12,6,3614941.72,0.014828667,20,3673384.32,1.590974287166327,Random
8,2500,13,5,3617968.17,0.00918,20,3697392.27,2.1481112687023627,Random
8,2500,14,5,3650144.67,0.016611208,20,3690393.9,1.0906486161273998,Random
8,2500,15,5,3606739.37,0.004064542,20,3645498.51,1.0632054818752255,Random
8,2500,16,6,3677924.66,0.009391291,20,3711533.13,0.9055144820975837,Random
8,2500,17,3,3596201.69,0.019170083,20,3642465.79,1.2701313524210227,Random
8,2500,18,6,3620745.7,0.015717292,20,3671288.73,1.3767108423531647,Random
8,2500,19,5,3653498.04,0.018651875,20,3689527.88,0.976543372806817,Random
8,5000,0,3,5767449.9,0.012137124,20,5817005.54,0.8519097954993466,Random
8,5000,1,6,5693479.46,0.008919626,20,5756639.71,1.097172190406198,Random
8,5000,2,6,5752495.78,0.012706584,20,5800190.84,0.8223015641326655,Random
8,5000,3,6,5683882.69,0.010970375,20,5779109.22,1.6477717650748835,Random
8,5000,4,5,5683829.14000001,0.010350708,20,5769133.1,1.4786270055026072,Random
8,5000,5,2,5728374.15,0.021515876,20,5803227.44,1.2898562183528695,Random
8,5000,6,6,5840954.22,0.010822083,20,5850569.7,0.16435117421129855,Random
8,5000,7,4,5757361.48000001,0.012805042,20,5818509.3,1.050919004288436,Random
8,5000,8,4,5714779.78,0.01317375,20,5773947.42,1.0247346519826754,Random
8,5000,9,5,5692639.69,0.010249584,20,5756710.41,1.112974519070862,Random
8,5000,10,5,5730668.66,0.016239751,20,5807285.43,1.3193215818909654,Random
8,5000,11,6,5744523.69,0.013353833,20,5860328.56,1.9760815253675672,Random
8,5000,12,4,5826338.57,0.009546584,20,5862323.89,0.6138405293740836,Random
8,5000,13,5,5787234.26,0.012750791,20,5812085.71,0.42758230418457105,Random
8,5000,14,5,5764193.29,0.018790667,20,5820804.81,0.9725720385391098,Random
8,5000,15,6,5688610.14000001,0.00794575,20,5761809.0,1.270414552096227,Random
8,5000,16,6,5712866.91,0.014681209,20,5790685.7,1.3438614014226336,Random
8,5000,17,6,5766125.81000001,0.036066,20,5833555.78,1.1558982641628297,Random
8,5000,18,5,5812709.52,0.011708251,20,5867576.62,0.9350896213776337,Random
8,5000,19,6,5668004.38,0.019080375,20,5766745.68,1.7122534177716646,Random
12,500,0,6,2907931.25,0.018026083,20,2952425.0,1.5070238871436192,Clustered
12,500,1,4,2886450.0,0.040036167,20,2952425.0,2.2346037579278053,Clustered
12,500,2,5,2935100.0,0.031437209,20,2952425.0,0.586805761365657,Clustered
12,500,3,5,2888593.75,0.011396459,20,2952425.0,2.1619939541224586,Clustered
12,500,4,6,2928231.25,0.044786125,20,2952425.0,0.8194535000889099,Clustered
12,500,5,4,2898306.25,0.074508,20,2952425.0,1.8330270879023176,Clustered
12,500,6,6,2884787.5,0.041547334,20,2952425.0,2.290913401695217,Clustered
12,500,7,2,2938425.0,0.050012083,20,2952425.0,0.474186473830834,Clustered
12,500,8,6,2918912.5,0.038533,20,2952425.0,1.1350838717325589,Clustered
12,500,9,3,2928450.0,0.046086042,20,2952425.0,0.8120443364353032,Clustered
12,500,10,6,2869825.0,0.031556125,20,2952425.0,2.7977001956019207,Clustered
12,500,11,4,2904212.5,0.042719667,20,2952425.0,1.6329796692549345,Clustered
12,500,12,3,2879231.25,0.0448775,20,2952425.0,2.479106158496829,Clustered
12,500,13,3,2920006.25,0.089375541,20,2952425.0,1.0980380534645249,Clustered
12,500,14,4,2904081.25,0.105206416,20,2952425.0,1.6374251674470985,Clustered
12,500,15,5,2881025.0,0.0414765,20,2952425.0,2.4183510165372533,Clustered
12,500,16,6,2897081.25,0.026766333,20,2952425.0,1.8745184043625156,Clustered
12,500,17,6,2902112.5,0.067091833,20,2952425.0,1.7041076403295596,Clustered
12,500,18,6,2869431.25,0.038292834,20,2952425.0,2.8110366901784127,Clustered
12,500,19,6,2902550.0,0.057075917,20,2952425.0,1.6892893130223459,Clustered
12,1000,0,6,3450724.2,0.072559668,20,3498292.28,1.3597514499274375,Clustered
12,1000,1,6,3372349.05,0.1096425,20,3501995.0,3.7020598258992425,Clustered
12,1000,2,6,3377840.9,0.062073083,20,3512495.0,3.8335741403190635,Clustered
12,1000,3,3,3433300.08,0.085565042,20,3511389.0,2.223875509093408,Clustered
12,1000,4,5,3465467.6,0.062359875,20,3512495.0,1.3388602688402376,Clustered
12,1000,5,6,3468419.22,0.049222999,20,3511418.68,1.2245608945726734,Clustered
12,1000,6,6,3404931.53,0.120651583,20,3509870.0,2.989810733730885,Clustered
12,1000,7,6,3437576.38,0.081585375,20,3488870.0,1.47020725908389,Clustered
12,1000,8,6,3469039.7,0.063867667,20,3501995.0,0.9410436051450619,Clustered
12,1000,9,6,3447434.76,0.103459375,20,3510342.64,1.7920723545095403,Clustered
12,1000,10,6,3452703.73,0.072349459,20,3512495.0,1.702244985402115,Clustered
12,1000,11,6,3399800.95,0.098001375,20,3511419.8,3.1787384123083102,Clustered
12,1000,12,6,3429348.65,0.093799458,20,3512495.0,2.3671592415078195,Clustered
12,1000,13,6,3419797.99,0.069610959,20,3512495.0,2.6390645395936443,Clustered
12,1000,14,6,3474949.45,0.082939166,20,3509870.0,0.9949243134361049,Clustered
12,1000,15,6,3460713.13,0.056779791,20,3510341.8,1.4137845494133912,Clustered
12,1000,16,6,3456888.33,0.046731791,20,3511419.8,1.5529749533222927,Clustered
12,1000,17,3,3460585.45,0.120926208,20,3499848.8,1.1218584642856466,Clustered
12,1000,18,6,3427890.13,0.106917499,20,3507180.88,2.26081153818334,Clustered
12,1000,19,6,3377255.56,0.083754125,20,3490357.08,3.2403996899938963,Clustered
12,2500,0,6,5021029.58,0.061152459,20,5284576.22,4.987091282789742,Clustered
12,2500,1,6,5007165.54,0.045532916,20,5286590.4,5.285540184842017,Clustered
12,2500,2,5,5024705.91,0.133554,20,5182344.93,3.041847312930588,Clustered
12,2500,3,6,4962319.53,0.107180417,20,5268557.86117701,5.812564638107546,Clustered
12,2500,4,3,4847706.43,0.060547333,20,5242953.1,7.538626847529876,Clustered
12,2500,5,6,5101005.16,0.061657082,20,5263778.8,3.092334351131922,Clustered
12,2500,6,6,4819741.96,0.086637125,20,5311522.93,9.258756414706841,Clustered
12,2500,7,6,4928738.33,0.068379125,20,5284195.56,6.7267993011219955,Clustered
12,2500,8,5,4774790.16,0.069616333,20,5229517.58702387,8.695399134944996,Clustered
12,2500,9,6,5074890.28,0.075805,20,5264830.08,3.6077099757035236,Clustered
12,2500,10,5,4813103.37,0.050750709,20,5275876.48,8.771492504691851,Clustered
12,2500,11,6,4994257.94,0.070760042,20,5265322.62,5.148111513060518,Clustered
12,2500,12,6,4956217.84,0.072958,20,5311006.96,6.68026087467225,Clustered
12,2500,13,6,5033409.01,0.03537725,20,5284208.32,4.746204063355332,Clustered
12,2500,14,5,5110405.16,0.11542925,20,5318809.6,3.9182534377617033,Clustered
12,2500,15,6,5074085.82,0.067886083,20,5233451.32,3.04513198376325,Clustered
12,2500,16,5,4884929.56,0.073228875,20,5235922.54992288,6.703555802750557,Clustered
12,2500,17,4,4899536.41,0.063545293,20,5267781.12,6.9905089374708105,Clustered
12,2500,18,2,4920402.52,0.090311791,20,5318105.8,7.478288228113106,Clustered
12,2500,19,1,4918408.53,0.100228791,20,5212184.74,5.636335330662128,Clustered
12,5000,0,5,6993490.02,0.137789417,20,7522337.69,7.030363323133408,Clustered
12,5000,1,5,6771635.78,0.117005625,20,7491358.48,9.607372306658059,Clustered
12,5000,2,4,6700120.21,0.098119541,20,7467900.5594962,10.281073554466234,Clustered
12,5000,3,6,6823560.32,0.127616166,20,7561088.14,9.75425502710777,Clustered
12,5000,4,5,6798218.83,0.105636417,20,7513671.19,9.522007842879804,Clustered
12,5000,5,5,6768566.06,0.132932875,20,7599746.3,10.936947197829488,Clustered
12,5000,6,6,6497608.33,0.086251958,20,7351685.03,11.617427793965218,Clustered
12,5000,7,5,6833629.29,0.098439708,20,7335832.28336959,6.845889790966038,Clustered
12,5000,8,4,6989842.81,0.143983876,20,7566976.85,7.627009457548427,Clustered
12,5000,9,5,6735142.84,0.172709625,20,7543774.27,10.71918910956491,Clustered
12,5000,10,6,6980082.1,0.105365709,20,7644546.74,8.692008337436114,Clustered
12,5000,11,6,6712703.66,0.193701542,20,7470638.83,10.14552017902865,Clustered
12,5000,12,6,6854155.79,0.136095583,20,7473773.76,8.29056364157322,Clustered
12,5000,13,6,6664460.05,0.100767875,20,7408629.93506895,10.04463566936178,Clustered
12,5000,14,6,6792759.21,0.143622208,20,7414284.70926302,8.38281133831452,Clustered
12,5000,15,6,6823216.77,0.092325667,20,7432394.38447294,8.19624986189615,Clustered
12,5000,16,0,6980823.21,0.168471,20,7423634.11,5.9648804539479165,Clustered
12,5000,17,6,6858499.52,0.147587917,20,7364327.22,6.868620647739227,Clustered
12,5000,18,6,6815597.89,0.147760583,20,7514347.37,9.298871153996178,Clustered
12,5000,19,5,6792790.83,0.113414541,20,7479916.44503292,9.18627393878456,Clustered
